0,0,0,0,0,0,0,0,0,0,0,0,-0.0189782,-0.0569908,-0.0086393,0.0056834
0,0,0,0,0,0,0,0,0,0,0,0,-0.0719174,-0.0448452,-0.0086393,-0
0,0,0,0,0,0,0,0,0,0,0,0,-0.0649255,-0.088756,-0.0086393,0.0056834
0,0,0,0,0,0,0,0,0,0,0,0,-0.144834,-0.088756,-0,0.0056834
0,0,0,0,0,0,0,0,0,0,0,0,-0.054937,-0.107441,0.0086393,-0.0056834
0,0,0,0,0,0,0,0,0,0,0,0,-0.054937,-0.0140141,0.0172786,-0.0170503
0,0,0,0,0,0,0,0,0,0,0,0,0.0249712,-0.0326996,0.0172786,-0.0056834
0,0,0,0,0,0,0,0,0,0,0,0,0.0649253,0.088756,0.0086393,-0.0056834
0,0,0,0,0,0,0,0,0,0,0,0,0.114868,0.144812,0.0086393,-0.0056834
0,0,0,0,0,0,0,0,0,0,0,0,0.194776,0.462466,0.0086393,-0.0056834
0,0,0,0,0,0,0,0,0,0,0,0,0.294661,0.780119,0.0086393,-0.0056834
0,0,0,0,0,0,0,0,0,0,0,0,0.534386,1.3874,-0,-0.0056834
0,0,0,0,0,0,0,0,0,0,0,0,0.744144,2.06007,0.0086393,-0.0170503
0,0,0,0,0,0,0,0,0,0,0,0,1.18364,2.94763,0.0086393,-0.0170503
0,0,0,0,0,0,0,0,-0.0189782,-0.0569908,-0.0086393,0.0056834,1.53324,3.78848,0.025918,-0.0056834
0,0,0,0,0,0,0,0,-0.0719174,-0.0448452,-0.0086393,-0,2.03266,4.67604,0.0863931,0.0056834
0,0,0,0,0,0,0,0,-0.0649255,-0.088756,-0.0086393,0.0056834,2.38226,5.47017,0.224622,0.0284172
0,0,0,0,0,0,0,0,-0.144834,-0.088756,-0,0.0056834,2.88169,6.12416,0.475162,0.0966184
0,0,0,0,0,0,0,0,-0.054937,-0.107441,0.0086393,-0.0056834,3.2213,6.67539,0.924406,0.187553
0,0,0,0,0,0,0,0,-0.054937,-0.0140141,0.0172786,-0.0170503,3.59087,7.00238,1.58099,0.358056
0,0,0,0,0,0,0,0,0.0249712,-0.0326996,0.0172786,-0.0056834,3.87055,7.25464,2.50108,0.619495
0,0,0,0,0,0,0,0,0.0649253,0.088756,0.0086393,-0.0056834,4.09029,7.27332,3.70194,0.994602
0,0,0,0,0,0,0,0,0.114868,0.144812,0.0086393,-0.0056834,4.13025,7.31069,5.22246,1.49474
0,0,0,0,0,0,0,0,0.194776,0.462466,0.0086393,-0.0056834,4.07032,7.13318,7.02808,2.17676
0,0,0,0,0,0,0,0,0.294661,0.780119,0.0086393,-0.0056834,3.98042,7.01172,9.12743,2.9838
0,0,0,0,0,0,0,0,0.534386,1.3874,-0,-0.0056834,3.75069,6.73144,11.4644,3.96135
0,0,0,0,0,0,0,0,0.744144,2.06007,0.0086393,-0.0170503,3.62084,6.56327,14.0216,5.06394
0,0,0,0,0,0,0,0,1.18364,2.94763,0.0086393,-0.0170503,3.43105,6.27365,16.6998,6.28019
0,0,0,0,-0.0189782,-0.0569908,-0.0086393,0.0056834,1.53324,3.78848,0.025918,-0.0056834,3.38111,6.04942,19.4125,7.56465
0,0,0,0,-0.0719174,-0.0448452,-0.0086393,-0,2.03266,4.67604,0.0863931,0.0056834,3.16136,5.80651,22.1253,8.90594
0,0,0,0,-0.0649255,-0.088756,-0.0086393,0.0056834,2.38226,5.47017,0.224622,0.0284172,3.0415,5.54492,24.7689,10.2472
0,0,0,0,-0.144834,-0.088756,-0,0.0056834,2.88169,6.12416,0.475162,0.0966184,2.77181,5.26463,27.2916,11.5885
0,0,0,0,-0.054937,-0.107441,0.0086393,-0.0056834,3.2213,6.67539,0.924406,0.187553,2.65195,4.94698,29.6587,12.9071
0,0,0,0,-0.054937,-0.0140141,0.0172786,-0.0170503,3.59087,7.00238,1.58099,0.358056,2.37227,4.71341,31.8618,14.1688
0,0,0,0,0.0249712,-0.0326996,0.0172786,-0.0056834,3.87055,7.25464,2.50108,0.619495,2.29236,4.39576,33.8661,15.3737
0,0,0,0,0.0649253,0.088756,0.0086393,-0.0056834,4.09029,7.27332,3.70194,0.994602,2.18249,4.25562,35.6803,16.5218
0,0,0,0,0.114868,0.144812,0.0086393,-0.0056834,4.13025,7.31069,5.22246,1.49474,2.11257,3.99402,37.3045,17.5902
0,0,0,0,0.194776,0.462466,0.0086393,-0.0056834,4.07032,7.13318,7.02808,2.17676,2.01268,3.88191,38.7387,18.5678
0,0,0,0,0.294661,0.780119,0.0086393,-0.0056834,3.98042,7.01172,9.12743,2.9838,1.92279,3.64834,40.0086,19.4885
0,0,0,0,0.534386,1.3874,-0,-0.0056834,3.75069,6.73144,11.4644,3.96135,1.80293,3.53623,41.1058,20.3183
0,0,0,0,0.744144,2.06007,0.0086393,-0.0170503,3.62084,6.56327,14.0216,5.06394,1.60316,3.312,42.0475,21.0685
0,0,0,0,1.18364,2.94763,0.0086393,-0.0170503,3.43105,6.27365,16.6998,6.28019,1.53324,3.23726,42.8423,21.7505
-0.0189782,-0.0569908,-0.0086393,0.0056834,1.53324,3.78848,0.025918,-0.0056834,3.38111,6.04942,19.4125,7.56465,1.36343,3.07843,43.5162,22.3643
-0.0719174,-0.0448452,-0.0086393,-0,2.03266,4.67604,0.0863931,0.0056834,3.16136,5.80651,22.1253,8.90594,1.33346,2.97566,44.0605,22.9099
-0.0649255,-0.088756,-0.0086393,0.0056834,2.38226,5.47017,0.224622,0.0284172,3.0415,5.54492,24.7689,10.2472,1.20361,2.84486,44.5011,23.4101
-0.144834,-0.088756,-0,0.0056834,2.88169,6.12416,0.475162,0.0966184,2.77181,5.26463,27.2916,11.5885,1.19363,2.70472,44.8467,23.842
-0.054937,-0.107441,0.0086393,-0.0056834,3.2213,6.67539,0.924406,0.187553,2.65195,4.94698,29.6587,12.9071,1.07376,2.53655,45.1058,24.2171
-0.054937,-0.0140141,0.0172786,-0.0170503,3.59087,7.00238,1.58099,0.358056,2.37227,4.71341,31.8618,14.1688,1.06378,2.38707,45.27,24.5467
0.0249712,-0.0326996,0.0172786,-0.0056834,3.87055,7.25464,2.50108,0.619495,2.29236,4.39576,33.8661,15.3737,0.963892,2.29364,45.3737,24.8309
0.0649253,0.088756,0.0086393,-0.0056834,4.09029,7.27332,3.70194,0.994602,2.18249,4.25562,35.6803,16.5218,0.963892,2.14416,45.3996,25.0696
0.114868,0.144812,0.0086393,-0.0056834,4.13025,7.31069,5.22246,1.49474,2.11257,3.99402,37.3045,17.5902,0.923937,2.11613,45.3564,25.2856
0.194776,0.462466,0.0086393,-0.0056834,4.07032,7.13318,7.02808,2.17676,2.01268,3.88191,38.7387,18.5678,0.963891,1.96665,45.27,25.4675
0.294661,0.780119,0.0086393,-0.0056834,3.98042,7.01172,9.12743,2.9838,1.92279,3.64834,40.0086,19.4885,0.933925,1.90125,45.1404,25.6039
0.534386,1.3874,-0,-0.0056834,3.75069,6.73144,11.4644,3.96135,1.80293,3.53623,41.1058,20.3183,0.873994,1.77045,44.959,25.7175
0.744144,2.06007,0.0086393,-0.0170503,3.62084,6.56327,14.0216,5.06394,1.60316,3.312,42.0475,21.0685,0.844029,1.74242,44.743,25.7971
1.18364,2.94763,0.0086393,-0.0170503,3.43105,6.27365,16.6998,6.28019,1.53324,3.23726,42.8423,21.7505,0.734155,1.62097,44.5097,25.8539
1.53324,3.78848,0.025918,-0.0056834,3.38111,6.04942,19.4125,7.56465,1.36343,3.07843,43.5162,22.3643,0.654248,1.64899,44.2333,25.888
2.03266,4.67604,0.0863931,0.0056834,3.16136,5.80651,22.1253,8.90594,1.33346,2.97566,44.0605,22.9099,0.544374,1.62097,43.9309,25.9108
2.38226,5.47017,0.224622,0.0284172,3.0415,5.54492,24.7689,10.2472,1.20361,2.84486,44.5011,23.4101,0.584328,1.63965,43.6026,25.9221
2.88169,6.12416,0.475162,0.0966184,2.77181,5.26463,27.2916,11.5885,1.19363,2.70472,44.8467,23.842,0.514408,1.56491,43.2657,25.9221
3.2213,6.67539,0.924406,0.187553,2.65195,4.94698,29.6587,12.9071,1.07376,2.53655,45.1058,24.2171,0.584328,1.49951,42.9028,25.888
3.59087,7.00238,1.58099,0.358056,2.37227,4.71341,31.8618,14.1688,1.06378,2.38707,45.27,24.5467,0.524397,1.43411,42.5227,25.8426
3.87055,7.25464,2.50108,0.619495,2.29236,4.39576,33.8661,15.3737,0.963892,2.29364,45.3737,24.8309,0.564351,1.33134,42.1253,25.7971
4.09029,7.27332,3.70194,0.994602,2.18249,4.25562,35.6803,16.5218,0.963892,2.14416,45.3996,25.0696,0.474454,1.27528,41.7192,25.7175
4.13025,7.31069,5.22246,1.49474,2.11257,3.99402,37.3045,17.5902,0.923937,2.11613,45.3564,25.2856,0.484443,1.1912,41.3045,25.638
4.07032,7.13318,7.02808,2.17676,2.01268,3.88191,38.7387,18.5678,0.963891,1.96665,45.27,25.4675,0.454477,1.22857,40.8726,25.5584
3.98042,7.01172,9.12743,2.9838,1.92279,3.64834,40.0086,19.4885,0.933925,1.90125,45.1404,25.6039,0.494431,1.11646,40.4492,25.4675
3.75069,6.73144,11.4644,3.96135,1.80293,3.53623,41.1058,20.3183,0.873994,1.77045,44.959,25.7175,0.484443,1.13514,40.0086,25.3652
3.62084,6.56327,14.0216,5.06394,1.60316,3.312,42.0475,21.0685,0.844029,1.74242,44.743,25.7971,0.454477,1.05106,39.568,25.2629
3.43105,6.27365,16.6998,6.28019,1.53324,3.23726,42.8423,21.7505,0.734155,1.62097,44.5097,25.8539,0.444489,1.06974,39.1101,25.1378
3.38111,6.04942,19.4125,7.56465,1.36343,3.07843,43.5162,22.3643,0.654248,1.64899,44.2333,25.888,0.354592,0.957632,38.6695,25.0128
3.16136,5.80651,22.1253,8.90594,1.33346,2.97566,44.0605,22.9099,0.544374,1.62097,43.9309,25.9108,0.334615,0.98566,38.2117,24.8877
3.0415,5.54492,24.7689,10.2472,1.20361,2.84486,44.5011,23.4101,0.584328,1.63965,43.6026,25.9221,0.284673,0.938945,37.7624,24.7627
2.77181,5.26463,27.2916,11.5885,1.19363,2.70472,44.8467,23.842,0.514408,1.56491,43.2657,25.9221,0.354592,0.948288,37.3045,24.6263
2.65195,4.94698,29.6587,12.9071,1.07376,2.53655,45.1058,24.2171,0.584328,1.49951,42.9028,25.888,0.294661,0.910917,36.8553,24.5013
2.37227,4.71341,31.8618,14.1688,1.06378,2.38707,45.27,24.5467,0.524397,1.43411,42.5227,25.8426,0.324627,0.892232,36.3974,24.3649
2.29236,4.39576,33.8661,15.3737,0.963892,2.29364,45.3737,24.8309,0.564351,1.33134,42.1253,25.7971,0.254707,0.873546,35.9568,24.2171
2.18249,4.25562,35.6803,16.5218,0.963892,2.14416,45.3996,25.0696,0.474454,1.27528,41.7192,25.7175,0.264696,0.873546,35.5076,24.0693
2.11257,3.99402,37.3045,17.5902,0.923937,2.11613,45.3564,25.2856,0.484443,1.1912,41.3045,25.638,0.344604,0.836175,35.0756,23.9216
2.01268,3.88191,38.7387,18.5678,0.963891,1.96665,45.27,25.4675,0.454477,1.22857,40.8726,25.5584,0.404535,0.742748,34.635,23.7624
1.92279,3.64834,40.0086,19.4885,0.933925,1.90125,45.1404,25.6039,0.494431,1.11646,40.4492,25.4675,0.444489,0.761433,34.1944,23.6147
1.80293,3.53623,41.1058,20.3183,0.873994,1.77045,44.959,25.7175,0.484443,1.13514,40.0086,25.3652,0.484443,0.696034,33.7451,23.4556
1.60316,3.312,42.0475,21.0685,0.844029,1.74242,44.743,25.7971,0.454477,1.05106,39.568,25.2629,0.494431,0.668006,33.3132,23.2964
1.53324,3.23726,42.8423,21.7505,0.734155,1.62097,44.5097,25.8539,0.444489,1.06974,39.1101,25.1378,0.364581,0.574578,32.8812,23.1373
1.36343,3.07843,43.5162,22.3643,0.654248,1.64899,44.2333,25.888,0.354592,0.957632,38.6695,25.0128,0.324627,0.611949,32.4579,22.9781
1.33346,2.97566,44.0605,22.9099,0.544374,1.62097,43.9309,25.9108,0.334615,0.98566,38.2117,24.8877,0.23473,0.621292,32.0432,22.819
1.20361,2.84486,44.5011,23.4101,0.584328,1.63965,43.6026,25.9221,0.284673,0.938945,37.7624,24.7627,0.224742,0.64932,31.6285,22.6599
1.19363,2.70472,44.8467,23.842,0.514408,1.56491,43.2657,25.9221,0.354592,0.948288,37.3045,24.6263,0.16481,0.64932,31.2311,22.5007
1.07376,2.53655,45.1058,24.2171,0.584328,1.49951,42.9028,25.888,0.294661,0.910917,36.8553,24.5013,0.194776,0.705377,30.8251,22.3416
1.06378,2.38707,45.27,24.5467,0.524397,1.43411,42.5227,25.8426,0.324627,0.892232,36.3974,24.3649,0.134845,0.705377,30.4276,22.1938
0.963892,2.29364,45.3737,24.8309,0.564351,1.33134,42.1253,25.7971,0.254707,0.873546,35.9568,24.2171,0.194776,0.611949,30.0389,22.0233
0.963892,2.14416,45.3996,25.0696,0.474454,1.27528,41.7192,25.7175,0.264696,0.873546,35.5076,24.0693,0.134845,0.602607,29.6501,21.8755
0.923937,2.11613,45.3564,25.2856,0.484443,1.1912,41.3045,25.638,0.344604,0.836175,35.0756,23.9216,0.184787,0.509179,29.27,21.7164
0.963891,1.96665,45.27,25.4675,0.454477,1.22857,40.8726,25.5584,0.404535,0.742748,34.635,23.7624,0.264696,0.490494,28.8985,21.5572
0.933925,1.90125,45.1404,25.6039,0.494431,1.11646,40.4492,25.4675,0.444489,0.761433,34.1944,23.6147,0.324627,0.425095,28.5356,21.3981
0.873994,1.77045,44.959,25.7175,0.484443,1.13514,40.0086,25.3652,0.484443,0.696034,33.7451,23.4556,0.314638,0.471808,28.1641,21.2503
0.844029,1.74242,44.743,25.7971,0.454477,1.05106,39.568,25.2629,0.494431,0.668006,33.3132,23.2964,0.37457,0.387724,27.8099,21.0912
0.734155,1.62097,44.5097,25.8539,0.444489,1.06974,39.1101,25.1378,0.364581,0.574578,32.8812,23.1373,0.354592,0.44378,27.4557,20.9434
0.654248,1.64899,44.2333,25.888,0.354592,0.957632,38.6695,25.0128,0.324627,0.611949,32.4579,22.9781,0.214753,0.369038,27.1015,20.7843
0.544374,1.62097,43.9309,25.9108,0.334615,0.98566,38.2117,24.8877,0.23473,0.621292,32.0432,22.819,0.204765,0.415752,26.7559,20.6252
0.584328,1.63965,43.6026,25.9221,0.284673,0.938945,37.7624,24.7627,0.224742,0.64932,31.6285,22.6599,0.124856,0.378381,26.419,20.466
0.514408,1.56491,43.2657,25.9221,0.354592,0.948288,37.3045,24.6263,0.16481,0.64932,31.2311,22.5007,0.124856,0.453123,26.0821,20.3069
0.584328,1.49951,42.9028,25.888,0.294661,0.910917,36.8553,24.5013,0.194776,0.705377,30.8251,22.3416,0.0948909,0.434437,25.7451,20.1478
0.524397,1.43411,42.5227,25.8426,0.324627,0.892232,36.3974,24.3649,0.134845,0.705377,30.4276,22.1938,0.144834,0.509179,25.4168,20
0.564351,1.33134,42.1253,25.7971,0.254707,0.873546,35.9568,24.2171,0.194776,0.611949,30.0389,22.0233,0.0449484,0.490494,25.0972,19.8409
0.474454,1.27528,41.7192,25.7175,0.264696,0.873546,35.5076,24.0693,0.134845,0.602607,29.6501,21.8755,0.0849024,0.44378,24.7862,19.6931
0.484443,1.1912,41.3045,25.638,0.344604,0.836175,35.0756,23.9216,0.184787,0.509179,29.27,21.7164,0.0149828,0.415752,24.4752,19.5567
0.454477,1.22857,40.8726,25.5584,0.404535,0.742748,34.635,23.7624,0.264696,0.490494,28.8985,21.5572,0.0649254,0.359695,24.1728,19.4203
0.494431,1.11646,40.4492,25.4675,0.444489,0.761433,34.1944,23.6147,0.324627,0.425095,28.5356,21.3981,0.104879,0.322324,23.879,19.2725
0.484443,1.13514,40.0086,25.3652,0.484443,0.696034,33.7451,23.4556,0.314638,0.471808,28.1641,21.2503,0.194776,0.266268,23.5767,19.1361
0.454477,1.05106,39.568,25.2629,0.494431,0.668006,33.3132,23.2964,0.37457,0.387724,27.8099,21.0912,0.204765,0.322324,23.2829,18.9997
0.444489,1.06974,39.1101,25.1378,0.364581,0.574578,32.8812,23.1373,0.354592,0.44378,27.4557,20.9434,0.254707,0.266268,23.0065,18.8519
0.354592,0.957632,38.6695,25.0128,0.324627,0.611949,32.4579,22.9781,0.214753,0.369038,27.1015,20.7843,0.244718,0.294296,22.7214,18.7042
0.334615,0.98566,38.2117,24.8877,0.23473,0.621292,32.0432,22.819,0.204765,0.415752,26.7559,20.6252,0.104879,0.256925,22.4449,18.5678
0.284673,0.938945,37.7624,24.7627,0.224742,0.64932,31.6285,22.6599,0.124856,0.378381,26.419,20.466,0.104879,0.312982,22.1771,18.4314
0.354592,0.948288,37.3045,24.6263,0.16481,0.64932,31.2311,22.5007,0.124856,0.453123,26.0821,20.3069,0.0349596,0.294296,21.9093,18.2836
0.294661,0.910917,36.8553,24.5013,0.194776,0.705377,30.8251,22.3416,0.0948909,0.434437,25.7451,20.1478,0.0349596,0.350353,21.6415,18.1358
0.324627,0.892232,36.3974,24.3649,0.134845,0.705377,30.4276,22.1938,0.144834,0.509179,25.4168,20,-0.03496,0.34101,21.3909,17.9881
0.254707,0.873546,35.9568,24.2171,0.194776,0.611949,30.0389,22.0233,0.0449484,0.490494,25.0972,19.8409,0.0249711,0.322324,21.1318,17.8517
0.264696,0.873546,35.5076,24.0693,0.134845,0.602607,29.6501,21.8755,0.0849024,0.44378,24.7862,19.6931,-0.0149829,0.303639,20.8899,17.7153
0.344604,0.836175,35.0756,23.9216,0.184787,0.509179,29.27,21.7164,0.0149828,0.415752,24.4752,19.5567,0.0749137,0.247582,20.6393,17.5789
0.404535,0.742748,34.635,23.7624,0.264696,0.490494,28.8985,21.5572,0.0649254,0.359695,24.1728,19.4203,0.0349598,0.228897,20.3974,17.4538
0.444489,0.761433,34.1944,23.6147,0.324627,0.425095,28.5356,21.3981,0.104879,0.322324,23.879,19.2725,0.124856,0.163498,20.1555,17.3288
0.484443,0.696034,33.7451,23.4556,0.314638,0.471808,28.1641,21.2503,0.194776,0.266268,23.5767,19.1361,0.144833,0.200869,19.9222,17.2038
0.494431,0.668006,33.3132,23.2964,0.37457,0.387724,27.8099,21.0912,0.204765,0.322324,23.2829,18.9997,0.204764,0.126127,19.6803,17.0787
0.364581,0.574578,32.8812,23.1373,0.354592,0.44378,27.4557,20.9434,0.254707,0.266268,23.0065,18.8519,0.184787,0.172841,19.4471,16.9537
0.324627,0.611949,32.4579,22.9781,0.214753,0.369038,27.1015,20.7843,0.244718,0.294296,22.7214,18.7042,0.124856,0.13547,19.2311,16.8286
0.23473,0.621292,32.0432,22.819,0.204765,0.415752,26.7559,20.6252,0.104879,0.256925,22.4449,18.5678,0.104879,0.200869,19.0151,16.7036
0.224742,0.64932,31.6285,22.6599,0.124856,0.378381,26.419,20.466,0.104879,0.312982,22.1771,18.4314,0.0249714,0.126127,18.7991,16.5786
0.16481,0.64932,31.2311,22.5007,0.124856,0.453123,26.0821,20.3069,0.0349596,0.294296,21.9093,18.2836,-0.0049942,0.182183,18.5918,16.4535
0.194776,0.705377,30.8251,22.3416,0.0948909,0.434437,25.7451,20.1478,0.0349596,0.350353,21.6415,18.1358,-0.0649252,0.182183,18.3931,16.3285
0.134845,0.705377,30.4276,22.1938,0.144834,0.509179,25.4168,20,-0.03496,0.34101,21.3909,17.9881,0.0649254,0.210212,18.1857,16.2148
0.194776,0.611949,30.0389,22.0233,0.0449484,0.490494,25.0972,19.8409,0.0249711,0.322324,21.1318,17.8517,0.0149828,0.191526,17.9784,16.0898
0.134845,0.602607,29.6501,21.8755,0.0849024,0.44378,24.7862,19.6931,-0.0149829,0.303639,20.8899,17.7153,0.0849024,0.210212,17.7797,15.9761
0.184787,0.509179,29.27,21.7164,0.0149828,0.415752,24.4752,19.5567,0.0749137,0.247582,20.6393,17.5789,0.0349598,0.23824,17.581,15.8511
0.264696,0.490494,28.8985,21.5572,0.0649254,0.359695,24.1728,19.4203,0.0349598,0.228897,20.3974,17.4538,0.114868,0.172841,17.3823,15.7374
0.324627,0.425095,28.5356,21.3981,0.104879,0.322324,23.879,19.2725,0.124856,0.163498,20.1555,17.3288,0.0349598,0.182184,17.1836,15.6124
0.314638,0.471808,28.1641,21.2503,0.194776,0.266268,23.5767,19.1361,0.144833,0.200869,19.9222,17.2038,0.0749137,0.116784,16.9935,15.4987
0.37457,0.387724,27.8099,21.0912,0.204765,0.322324,23.2829,18.9997,0.204764,0.126127,19.6803,17.0787,0.0749137,0.182183,16.8121,15.3851
0.354592,0.44378,27.4557,20.9434,0.254707,0.266268,23.0065,18.8519,0.184787,0.172841,19.4471,16.9537,0.144833,0.107441,16.6307,15.2828
0.214753,0.369038,27.1015,20.7843,0.244718,0.294296,22.7214,18.7042,0.124856,0.13547,19.2311,16.8286,0.124856,0.163498,16.4579,15.1691
0.204765,0.415752,26.7559,20.6252,0.104879,0.256925,22.4449,18.5678,0.104879,0.200869,19.0151,16.7036,0.104879,0.107441,16.2851,15.0668
0.124856,0.378381,26.419,20.466,0.104879,0.312982,22.1771,18.4314,0.0249714,0.126127,18.7991,16.5786,0.094891,0.191526,16.1123,14.9645
0.124856,0.453123,26.0821,20.3069,0.0349596,0.294296,21.9093,18.2836,-0.0049942,0.182183,18.5918,16.4535,0.03496,0.163498,15.9395,14.8508
0.0948909,0.434437,25.7451,20.1478,0.0349596,0.350353,21.6415,18.1358,-0.0649252,0.182183,18.3931,16.3285,0.0249714,0.210212,15.7667,14.7371
0.144834,0.509179,25.4168,20,-0.03496,0.34101,21.3909,17.9881,0.0649254,0.210212,18.1857,16.2148,-0.0349596,0.191526,15.6026,14.6348
0.0449484,0.490494,25.0972,19.8409,0.0249711,0.322324,21.1318,17.8517,0.0149828,0.191526,17.9784,16.0898,0.0049944,0.172841,15.4298,14.5325
0.0849024,0.44378,24.7862,19.6931,-0.0149829,0.303639,20.8899,17.7153,0.0849024,0.210212,17.7797,15.9761,-0.0649252,0.154155,15.2743,14.4189
0.0149828,0.415752,24.4752,19.5567,0.0749137,0.247582,20.6393,17.5789,0.0349598,0.23824,17.581,15.8511,-0.0049942,0.13547,15.1188,14.3166
0.0649254,0.359695,24.1728,19.4203,0.0349598,0.228897,20.3974,17.4538,0.114868,0.172841,17.3823,15.7374,-0.0749136,0.13547,14.9633,14.1915
0.104879,0.322324,23.879,19.2725,0.124856,0.163498,20.1555,17.3288,0.0349598,0.182184,17.1836,15.6124,-0.0049942,0.107442,14.8078,14.1006
0.194776,0.266268,23.5767,19.1361,0.144833,0.200869,19.9222,17.2038,0.0749137,0.116784,16.9935,15.4987,-0.0349598,0.144813,14.6695,13.9869
0.204765,0.322324,23.2829,18.9997,0.204764,0.126127,19.6803,17.0787,0.0749137,0.182183,16.8121,15.3851,0.0249713,0.0794133,14.514,13.8846
0.254707,0.266268,23.0065,18.8519,0.184787,0.172841,19.4471,16.9537,0.144833,0.107441,16.6307,15.2828,0.0349597,0.126127,14.3585,13.7823
0.244718,0.294296,22.7214,18.7042,0.124856,0.13547,19.2311,16.8286,0.124856,0.163498,16.4579,15.1691,0.0849022,0.0794132,14.2203,13.7028
0.104879,0.256925,22.4449,18.5678,0.104879,0.200869,19.0151,16.7036,0.104879,0.107441,16.2851,15.0668,0.0849022,0.116784,14.0734,13.6005
0.104879,0.312982,22.1771,18.4314,0.0249714,0.126127,18.7991,16.5786,0.094891,0.191526,16.1123,14.9645,0.0649252,0.088756,13.9266,13.5095
0.0349596,0.294296,21.9093,18.2836,-0.0049942,0.182183,18.5918,16.4535,0.03496,0.163498,15.9395,14.8508,0.0849021,0.13547,13.7883,13.4186
0.0349596,0.350353,21.6415,18.1358,-0.0649252,0.182183,18.3931,16.3285,0.0249714,0.210212,15.7667,14.7371,0.0049941,0.0607278,13.6587,13.339
-0.03496,0.34101,21.3909,17.9881,0.0649254,0.210212,18.1857,16.2148,-0.0349596,0.191526,15.6026,14.6348,0.0049941,0.0980988,13.5205,13.2481
0.0249711,0.322324,21.1318,17.8517,0.0149828,0.191526,17.9784,16.0898,0.0049944,0.172841,15.4298,14.5325,-0.0549369,0.116784,13.3995,13.1571
-0.0149829,0.303639,20.8899,17.7153,0.0849024,0.210212,17.7797,15.9761,-0.0649252,0.154155,15.2743,14.4189,0.0249711,0.163498,13.27,13.0776
0.0749137,0.247582,20.6393,17.5789,0.0349598,0.23824,17.581,15.8511,-0.0049942,0.13547,15.1188,14.3166,-0.0549369,0.182184,13.1404,12.998
0.0349598,0.228897,20.3974,17.4538,0.114868,0.172841,17.3823,15.7374,-0.0749136,0.13547,14.9633,14.1915,0.0049942,0.172841,13.0108,12.8957
0.124856,0.163498,20.1555,17.3288,0.0349598,0.182184,17.1836,15.6124,-0.0049942,0.107442,14.8078,14.1006,-0.0349599,0.163498,12.8812,12.8048
0.144833,0.200869,19.9222,17.2038,0.0749137,0.116784,16.9935,15.4987,-0.0349598,0.144813,14.6695,13.9869,0.0249711,0.0980989,12.7516,12.7138
0.204764,0.126127,19.6803,17.0787,0.0749137,0.182183,16.8121,15.3851,0.0249713,0.0794133,14.514,13.8846,-0.0549369,0.0794133,12.6307,12.6229
0.184787,0.172841,19.4471,16.9537,0.144833,0.107441,16.6307,15.2828,0.0349597,0.126127,14.3585,13.7823,0.0249711,0.014014,12.5097,12.532
0.124856,0.13547,19.2311,16.8286,0.124856,0.163498,16.4579,15.1691,0.0849022,0.0794132,14.2203,13.7028,0.0149826,0.0794132,12.3974,12.441
0.104879,0.200869,19.0151,16.7036,0.104879,0.107441,16.2851,15.0668,0.0849022,0.116784,14.0734,13.6005,0.0849022,0.0326996,12.2851,12.3615
0.0249714,0.126127,18.7991,16.5786,0.094891,0.191526,16.1123,14.9645,0.0649252,0.088756,13.9266,13.5095,0.0649252,0.0980987,12.1641,12.2819
-0.0049942,0.182183,18.5918,16.4535,0.03496,0.163498,15.9395,14.8508,0.0849021,0.13547,13.7883,13.4186,0.0849022,0.051385,12.0518,12.2023
-0.0649252,0.182183,18.3931,16.3285,0.0249714,0.210212,15.7667,14.7371,0.0049941,0.0607278,13.6587,13.339,0.0849022,0.163498,11.9395,12.1228
0.0649254,0.210212,18.1857,16.2148,-0.0349596,0.191526,15.6026,14.6348,0.0049941,0.0980988,13.5205,13.2481,0.0449483,0.0980987,11.8272,12.0546
0.0149828,0.191526,17.9784,16.0898,0.0049944,0.172841,15.4298,14.5325,-0.0549369,0.116784,13.3995,13.1571,0.0149828,0.154155,11.7063,11.975
0.0849024,0.210212,17.7797,15.9761,-0.0649252,0.154155,15.2743,14.4189,0.0249711,0.163498,13.27,13.0776,-0.0549369,0.154155,11.594,11.8954
0.0349598,0.23824,17.581,15.8511,-0.0049942,0.13547,15.1188,14.3166,-0.0549369,0.182184,13.1404,12.998,-0.0049943,0.191526,11.4817,11.8159
0.114868,0.172841,17.3823,15.7374,-0.0749136,0.13547,14.9633,14.1915,0.0049942,0.172841,13.0108,12.8957,-0.0849023,0.154155,11.378,11.7363
0.0349598,0.182184,17.1836,15.6124,-0.0049942,0.107442,14.8078,14.1006,-0.0349599,0.163498,12.8812,12.8048,-0.0249713,0.154155,11.2743,11.6567
0.0749137,0.116784,16.9935,15.4987,-0.0349598,0.144813,14.6695,13.9869,0.0249711,0.0980989,12.7516,12.7138,-0.0749138,0.144812,11.1793,11.5885
0.0749137,0.182183,16.8121,15.3851,0.0249713,0.0794133,14.514,13.8846,-0.0549369,0.0794133,12.6307,12.6229,0.0149828,0.0980986,11.0929,11.5203
0.144833,0.107441,16.6307,15.2828,0.0349597,0.126127,14.3585,13.7823,0.0249711,0.014014,12.5097,12.532,-0.0449482,0.0980986,10.9892,11.4294
0.124856,0.163498,16.4579,15.1691,0.0849022,0.0794132,14.2203,13.7028,0.0149826,0.0794132,12.3974,12.441,0.0349598,0.0513849,10.8941,11.3612
0.104879,0.107441,16.2851,15.0668,0.0849022,0.116784,14.0734,13.6005,0.0849022,0.0326996,12.2851,12.3615,0.0349598,0.107441,10.7905,11.293
0.094891,0.191526,16.1123,14.9645,0.0649252,0.088756,13.9266,13.5095,0.0649252,0.0980987,12.1641,12.2819,0.0948908,0.0607277,10.6955,11.2134
0.03496,0.163498,15.9395,14.8508,0.0849021,0.13547,13.7883,13.4186,0.0849022,0.051385,12.0518,12.2023,0.0948908,0.0700703,10.5918,11.1338
0.0249714,0.210212,15.7667,14.7371,0.0049941,0.0607278,13.6587,13.339,0.0849022,0.163498,11.9395,12.1228,0.0948908,0.0326994,10.5054,11.0656
-0.0349596,0.191526,15.6026,14.6348,0.0049941,0.0980988,13.5205,13.2481,0.0449483,0.0980987,11.8272,12.0546,0.0948908,0.0700705,10.4104,10.9861
0.0049944,0.172841,15.4298,14.5325,-0.0549369,0.116784,13.3995,13.1571,0.0149828,0.154155,11.7063,11.975,0.0349598,0.0140141,10.324,10.9065
-0.0649252,0.154155,15.2743,14.4189,0.0249711,0.163498,13.27,13.0776,-0.0549369,0.154155,11.594,11.8954,0.0349598,0.0794133,10.2376,10.8383
-0.0049942,0.13547,15.1188,14.3166,-0.0549369,0.182184,13.1404,12.998,-0.0049943,0.191526,11.4817,11.8159,-0.0149827,0.0887561,10.1598,10.7701
-0.0749136,0.13547,14.9633,14.1915,0.0049942,0.172841,13.0108,12.8957,-0.0849023,0.154155,11.378,11.7363,0.0249713,0.13547,10.0648,10.7019
-0.0049942,0.107442,14.8078,14.1006,-0.0349599,0.163498,12.8812,12.8048,-0.0249713,0.154155,11.2743,11.6567,-0.0449481,0.116784,9.97841,10.6451
-0.0349598,0.144813,14.6695,13.9869,0.0249711,0.0980989,12.7516,12.7138,-0.0749138,0.144812,11.1793,11.5885,0.0149829,0.107441,9.89201,10.5769
0.0249713,0.0794133,14.514,13.8846,-0.0549369,0.0794133,12.6307,12.6229,0.0149828,0.0980986,11.0929,11.5203,-0.0449481,0.0980986,9.81426,10.52
0.0349597,0.126127,14.3585,13.7823,0.0249711,0.014014,12.5097,12.532,-0.0449482,0.0980986,10.9892,11.4294,0.014983,0.0420422,9.71922,10.4518
0.0849022,0.0794132,14.2203,13.7028,0.0149826,0.0794132,12.3974,12.441,0.0349598,0.0513849,10.8941,11.3612,-0.024971,0.0420422,9.64147,10.395
0.0849022,0.116784,14.0734,13.6005,0.0849022,0.0326996,12.2851,12.3615,0.0349598,0.107441,10.7905,11.293,0.094891,0.0046713,9.57235,10.3268
0.0649252,0.088756,13.9266,13.5095,0.0649252,0.0980987,12.1641,12.2819,0.0948908,0.0607277,10.6955,11.2134,0.0849025,0.0794133,9.4946,10.2586
0.0849021,0.13547,13.7883,13.4186,0.0849022,0.051385,12.0518,12.2023,0.0948908,0.0700703,10.5918,11.1338,0.124856,0.051385,9.40821,10.1904
0.0049941,0.0607278,13.6587,13.339,0.0849022,0.163498,11.9395,12.1228,0.0948908,0.0326994,10.5054,11.0656,0.124856,0.0980986,9.33909,10.1336
0.0049941,0.0980988,13.5205,13.2481,0.0449483,0.0980987,11.8272,12.0546,0.0948908,0.0700705,10.4104,10.9861,0.124856,0.051385,9.26134,10.0767
-0.0549369,0.116784,13.3995,13.1571,0.0149828,0.154155,11.7063,11.975,0.0349598,0.0140141,10.324,10.9065,0.0749138,0.0980987,9.17494,10.0085
0.0249711,0.163498,13.27,13.0776,-0.0549369,0.154155,11.594,11.8954,0.0349598,0.0794133,10.2376,10.8383,0.0249714,0.0794131,9.09719,9.9517
-0.0549369,0.182184,13.1404,12.998,-0.0049943,0.191526,11.4817,11.8159,-0.0149827,0.0887561,10.1598,10.7701,0.0549368,0.0794131,9.01944,9.8835
0.0049942,0.172841,13.0108,12.8957,-0.0849023,0.154155,11.378,11.7363,0.0249713,0.13547,10.0648,10.7019,-0.0349598,0.107441,8.95032,9.82666
-0.0349599,0.163498,12.8812,12.8048,-0.0249713,0.154155,11.2743,11.6567,-0.0449481,0.116784,9.97841,10.6451,0.0349596,0.154155,8.87257,9.76982
0.0249711,0.0980989,12.7516,12.7138,-0.0749138,0.144812,11.1793,11.5885,0.0149829,0.107441,9.89201,10.5769,-0.0449484,0.13547,8.80346,9.72435
-0.0549369,0.0794133,12.6307,12.6229,0.0149828,0.0980986,11.0929,11.5203,-0.0449481,0.0980986,9.81426,10.52,0.0349596,0.0794132,8.73434,9.67889
0.0249711,0.014014,12.5097,12.532,-0.0449482,0.0980986,10.9892,11.4294,0.014983,0.0420422,9.71922,10.4518,-0.0249714,0.116784,8.67387,9.63342
0.0149826,0.0794132,12.3974,12.441,0.0349598,0.0513849,10.8941,11.3612,-0.024971,0.0420422,9.64147,10.395,0.0449482,0.0420422,8.59611,9.56522
0.0849022,0.0326996,12.2851,12.3615,0.0349598,0.107441,10.7905,11.293,0.094891,0.0046713,9.57235,10.3268,0.0549368,0.0607278,8.53564,9.50838
0.0649252,0.0980987,12.1641,12.2819,0.0948908,0.0607277,10.6955,11.2134,0.0849025,0.0794133,9.4946,10.2586,0.134845,0.0140142,8.46652,9.44018
0.0849022,0.051385,12.0518,12.2023,0.0948908,0.0700703,10.5918,11.1338,0.124856,0.051385,9.40821,10.1904,0.114868,0.060728,8.38877,9.37198
0.0849022,0.163498,11.9395,12.1228,0.0948908,0.0326994,10.5054,11.0656,0.124856,0.0980986,9.33909,10.1336,0.144833,-0.0233568,8.31965,9.31515
0.0449483,0.0980987,11.8272,12.0546,0.0948908,0.0700705,10.4104,10.9861,0.124856,0.051385,9.26134,10.0767,0.154822,0.0140141,8.25054,9.25831
0.0149828,0.154155,11.7063,11.975,0.0349598,0.0140141,10.324,10.9065,0.0749138,0.0980987,9.17494,10.0085,0.0649252,-0.0700707,8.1987,9.20148
-0.0549369,0.154155,11.594,11.8954,0.0349598,0.0794133,10.2376,10.8383,0.0249714,0.0794131,9.09719,9.9517,0.0549368,-0.0326997,8.13823,9.15601
-0.0049943,0.191526,11.4817,11.8159,-0.0149827,0.0887561,10.1598,10.7701,0.0549368,0.0794131,9.01944,9.8835,0.0049942,-0.0326997,8.08639,9.11054
-0.0849023,0.154155,11.378,11.7363,0.0249713,0.13547,10.0648,10.7019,-0.0349598,0.107441,8.95032,9.82666,0.0249712,0.0326995,8.02592,9.04234
-0.0249713,0.154155,11.2743,11.6567,-0.0449481,0.116784,9.97841,10.6451,0.0349596,0.154155,8.87257,9.76982,-0.0349598,0.0513849,7.96544,8.98551
-0.0749138,0.144812,11.1793,11.5885,0.0149829,0.107441,9.89201,10.5769,-0.0449484,0.13547,8.80346,9.72435,0.0249713,0.0980987,7.89633,8.92867
0.0149828,0.0980986,11.0929,11.5203,-0.0449481,0.0980986,9.81426,10.52,0.0349596,0.0794132,8.73434,9.67889,-0.0449483,0.0980987,7.82721,8.87184
-0.0449482,0.0980986,10.9892,11.4294,0.014983,0.0420422,9.71922,10.4518,-0.0249714,0.116784,8.67387,9.63342,-0.0049942,0.0700705,7.76674,8.815
0.0349598,0.0513849,10.8941,11.3612,-0.024971,0.0420422,9.64147,10.395,0.0449482,0.0420422,8.59611,9.56522,-0.0649252,0.0700705,7.69762,8.7809
0.0349598,0.107441,10.7905,11.293,0.094891,0.0046713,9.57235,10.3268,0.0549368,0.0607278,8.53564,9.50838,-0.0049942,-0.0140141,7.63715,8.73544
0.0948908,0.0607277,10.6955,11.2134,0.0849025,0.0794133,9.4946,10.2586,0.134845,0.0140142,8.46652,9.44018,0.0049943,0.0140141,7.57667,8.68997
0.0948908,0.0700703,10.5918,11.1338,0.124856,0.051385,9.40821,10.1904,0.114868,0.060728,8.38877,9.37198,0.0649254,-0.0046714,7.52484,8.6445
0.0948908,0.0326994,10.5054,11.0656,0.124856,0.0980986,9.33909,10.1336,0.144833,-0.0233568,8.31965,9.31515,0.0749139,0.0140141,7.473,8.59903
0.0948908,0.0700705,10.4104,10.9861,0.124856,0.051385,9.26134,10.0767,0.154822,0.0140141,8.25054,9.25831,0.0149827,-0.0700705,7.42117,8.55357
0.0349598,0.0140141,10.324,10.9065,0.0749138,0.0980987,9.17494,10.0085,0.0649252,-0.0700707,8.1987,9.20148,-0.0249713,-0.0046713,7.36069,8.5081
0.0349598,0.0794133,10.2376,10.8383,0.0249714,0.0794131,9.09719,9.9517,0.0549368,-0.0326997,8.13823,9.15601,-0.0849023,-0.0700705,7.30886,8.46263
-0.0149827,0.0887561,10.1598,10.7701,0.0549368,0.0794131,9.01944,9.8835,0.0049942,-0.0326997,8.08639,9.11054,-0.0749138,-0.0607278,7.25702,8.41716
0.0249713,0.13547,10.0648,10.7019,-0.0349598,0.107441,8.95032,9.82666,0.0249712,0.0326995,8.02592,9.04234,-0.134845,-0.0420424,7.20518,8.37169
-0.0449481,0.116784,9.97841,10.6451,0.0349596,0.154155,8.87257,9.76982,-0.0349598,0.0513849,7.96544,8.98551,0.0049944,0.0420422,7.15335,8.31486
0.0149829,0.107441,9.89201,10.5769,-0.0449484,0.13547,8.80346,9.72435,0.0249713,0.0980987,7.89633,8.92867,-0.0449482,0.0607276,7.11015,8.26939
-0.0449481,0.0980986,9.81426,10.52,0.0349596,0.0794132,8.73434,9.67889,-0.0449483,0.0980987,7.82721,8.87184,-0.0049942,0.0607276,7.05832,8.21256
0.014983,0.0420422,9.71922,10.4518,-0.0249714,0.116784,8.67387,9.63342,-0.0049942,0.0700705,7.76674,8.815,-0.0749138,0.0607276,7.00648,8.15573
-0.024971,0.0420422,9.64147,10.395,0.0449482,0.0420422,8.59611,9.56522,-0.0649252,0.0700705,7.69762,8.7809,-0.0049944,0.0326995,6.95464,8.11026
0.094891,0.0046713,9.57235,10.3268,0.0549368,0.0607278,8.53564,9.50838,-0.0049942,-0.0140141,7.63715,8.73544,-0.0849024,0.0140141,6.91145,8.06479
0.0849025,0.0794133,9.4946,10.2586,0.134845,0.0140142,8.46652,9.44018,0.0049943,0.0140141,7.57667,8.68997,0.0149828,-0.0420423,6.85961,8.01932
0.124856,0.051385,9.40821,10.1904,0.114868,0.060728,8.38877,9.37198,0.0649254,-0.0046714,7.52484,8.6445,0.0449482,0.0046713,6.80777,7.97386
0.124856,0.0980986,9.33909,10.1336,0.144833,-0.0233568,8.31965,9.31515,0.0749139,0.0140141,7.473,8.59903,0.104879,-0.0326998,6.75594,7.93975
0.124856,0.051385,9.26134,10.0767,0.154822,0.0140141,8.25054,9.25831,0.0149827,-0.0700705,7.42117,8.55357,0.104879,-0.0046716,6.7041,7.89429
0.0749138,0.0980987,9.17494,10.0085,0.0649252,-0.0700707,8.1987,9.20148,-0.0249713,-0.0046713,7.36069,8.5081,0.0749137,-0.0700708,6.65227,7.86019
0.0249714,0.0794131,9.09719,9.9517,0.0549368,-0.0326997,8.13823,9.15601,-0.0849023,-0.0700705,7.30886,8.46263,0.0549367,-0.0420426,6.60043,7.82609
0.0549368,0.0794131,9.01944,9.8835,0.0049942,-0.0326997,8.08639,9.11054,-0.0749138,-0.0607278,7.25702,8.41716,-0.0349599,-0.0794134,6.55723,7.79199
-0.0349598,0.107441,8.95032,9.82666,0.0249712,0.0326995,8.02592,9.04234,-0.134845,-0.0420424,7.20518,8.37169,-0.0349599,-0.0326997,6.5054,7.74652
0.0349596,0.154155,8.87257,9.76982,-0.0349598,0.0513849,7.96544,8.98551,0.0049944,0.0420422,7.15335,8.31486,-0.104879,-0.0326997,6.4622,7.71242
-0.0449484,0.13547,8.80346,9.72435,0.0249713,0.0980987,7.89633,8.92867,-0.0449482,0.0607276,7.11015,8.26939,-0.0449483,0.0513849,6.41901,7.66695
0.0349596,0.0794132,8.73434,9.67889,-0.0449483,0.0980987,7.82721,8.87184,-0.0049942,0.0607276,7.05832,8.21256,-0.0948909,0.0607277,6.38445,7.62148
-0.0249714,0.116784,8.67387,9.63342,-0.0049942,0.0700705,7.76674,8.815,-0.0749138,0.0607276,7.00648,8.15573,-0.0049943,0.0420421,6.34125,7.58738
0.0449482,0.0420422,8.59611,9.56522,-0.0649252,0.0700705,7.69762,8.7809,-0.0049944,0.0326995,6.95464,8.11026,-0.074914,0.0607276,6.3067,7.54192
0.0549368,0.0607278,8.53564,9.50838,-0.0049942,-0.0140141,7.63715,8.73544,-0.0849024,0.0140141,6.91145,8.06479,0.004994,0.014014,6.27214,7.49645
0.134845,0.0140142,8.46652,9.44018,0.0049943,0.0140141,7.57667,8.68997,0.0149828,-0.0420423,6.85961,8.01932,-0.03496,-0.0046715,6.22894,7.45098
0.114868,0.060728,8.38877,9.37198,0.0649254,-0.0046714,7.52484,8.6445,0.0449482,0.0046713,6.80777,7.97386,0.0149826,-0.0607278,6.18574,7.41688
0.144833,-0.0233568,8.31965,9.31515,0.0749139,0.0140141,7.473,8.59903,0.104879,-0.0326998,6.75594,7.93975,-0.0049943,-0.0233568,6.15119,7.37141
0.154822,0.0140141,8.25054,9.25831,0.0149827,-0.0700705,7.42117,8.55357,0.104879,-0.0046716,6.7041,7.89429,0.0849023,-0.0980986,6.10799,7.34868
0.0649252,-0.0700707,8.1987,9.20148,-0.0249713,-0.0046713,7.36069,8.5081,0.0749137,-0.0700708,6.65227,7.86019,0.0749137,-0.051385,6.04752,7.31458
0.0549368,-0.0326997,8.13823,9.15601,-0.0849023,-0.0700705,7.30886,8.46263,0.0549367,-0.0420426,6.60043,7.82609,0.0749137,-0.116784,6.00432,7.28048
0.0049942,-0.0326997,8.08639,9.11054,-0.0749138,-0.0607278,7.25702,8.41716,-0.0349599,-0.0794134,6.55723,7.79199,0.0649252,-0.0420424,5.96112,7.24638
0.0249712,0.0326995,8.02592,9.04234,-0.134845,-0.0420424,7.20518,8.37169,-0.0349599,-0.0326997,6.5054,7.74652,0.0149827,-0.088756,5.90929,7.21228
-0.0349598,0.0513849,7.96544,8.98551,0.0049944,0.0420422,7.15335,8.31486,-0.104879,-0.0326997,6.4622,7.71242,0.0049943,-0.0326996,5.86609,7.16681
0.0249713,0.0980987,7.89633,8.92867,-0.0449482,0.0607276,7.11015,8.26939,-0.0449483,0.0513849,6.41901,7.66695,-0.0749137,-0.0420423,5.84881,7.12134
-0.0449483,0.0980987,7.82721,8.87184,-0.0049942,0.0607276,7.05832,8.21256,-0.0948909,0.0607277,6.38445,7.62148,0.0049943,0.0513851,5.81425,7.08724
-0.0049942,0.0700705,7.76674,8.815,-0.0749138,0.0607276,7.00648,8.15573,-0.0049943,0.0420421,6.34125,7.58738,-0.0749138,0.0513851,5.78834,7.04177
-0.0649252,0.0700705,7.69762,8.7809,-0.0049944,0.0326995,6.95464,8.11026,-0.074914,0.0607276,6.3067,7.54192,-0.0149828,0.0513851,5.75378,6.99631
-0.0049942,-0.0140141,7.63715,8.73544,-0.0849024,0.0140141,6.91145,8.06479,0.004994,0.014014,6.27214,7.49645,-0.0849024,0.0513851,5.72786,6.96221
0.0049943,0.0140141,7.57667,8.68997,0.0149828,-0.0420423,6.85961,8.01932,-0.03496,-0.0046715,6.22894,7.45098,0.0049942,-0.0046712,5.67603,6.93947
0.0649254,-0.0046714,7.52484,8.6445,0.0449482,0.0046713,6.80777,7.97386,0.0149826,-0.0607278,6.18574,7.41688,-0.0948908,-0.0326995,5.64147,6.90537
0.0749139,0.0140141,7.473,8.59903,0.104879,-0.0326998,6.75594,7.93975,-0.0049943,-0.0233568,6.15119,7.37141,-0.0049942,-0.0980987,5.60691,6.87127
0.0149827,-0.0700705,7.42117,8.55357,0.104879,-0.0046716,6.7041,7.89429,0.0849023,-0.0980986,6.10799,7.34868,-0.0149827,-0.0420423,5.57235,6.83717
-0.0249713,-0.0046713,7.36069,8.5081,0.0749137,-0.0700708,6.65227,7.86019,0.0749137,-0.051385,6.04752,7.31458,0.0349598,-0.0887561,5.52915,6.80307
-0.0849023,-0.0700705,7.30886,8.46263,0.0549367,-0.0420426,6.60043,7.82609,0.0749137,-0.116784,6.00432,7.28048,0.0049943,-0.0326997,5.50324,6.7576
-0.0749138,-0.0607278,7.25702,8.41716,-0.0349599,-0.0794134,6.55723,7.79199,0.0649252,-0.0420424,5.96112,7.24638,0.0149827,-0.107442,5.46004,6.7235
-0.134845,-0.0420424,7.20518,8.37169,-0.0349599,-0.0326997,6.5054,7.74652,0.0149827,-0.088756,5.90929,7.21228,0.0149827,-0.0607279,5.41684,6.70077
0.0049944,0.0420422,7.15335,8.31486,-0.104879,-0.0326997,6.4622,7.71242,0.0049943,-0.0326996,5.86609,7.16681,-0.0349598,-0.116784,5.38229,6.67803
-0.0449482,0.0607276,7.11015,8.26939,-0.0449483,0.0513849,6.41901,7.66695,-0.0749137,-0.0420423,5.84881,7.12134,-0.0249712,-0.0700705,5.34773,6.64393
-0.0049942,0.0607276,7.05832,8.21256,-0.0948909,0.0607277,6.38445,7.62148,0.0049943,0.0513851,5.81425,7.08724,-0.0749137,-0.088756,5.31317,6.6212
-0.0749138,0.0607276,7.00648,8.15573,-0.0049943,0.0420421,6.34125,7.58738,-0.0749138,0.0513851,5.78834,7.04177,0.0149829,-0.014014,5.28726,6.5871
-0.0049944,0.0326995,6.95464,8.11026,-0.074914,0.0607276,6.3067,7.54192,-0.0149828,0.0513851,5.75378,6.99631,-0.0749137,-0.0326995,5.2527,6.54163
-0.0849024,0.0140141,6.91145,8.06479,0.004994,0.014014,6.27214,7.49645,-0.0849024,0.0513851,5.72786,6.96221,0.0049943,-0.0326995,5.21814,6.50753
0.0149828,-0.0420423,6.85961,8.01932,-0.03496,-0.0046715,6.22894,7.45098,0.0049942,-0.0046712,5.67603,6.93947,-0.0449482,-0.0326995,5.19223,6.4848
0.0449482,0.0046713,6.80777,7.97386,0.0149826,-0.0607278,6.18574,7.41688,-0.0948908,-0.0326995,5.64147,6.90537,0.0249712,-0.0607278,5.15767,6.4507
0.104879,-0.0326998,6.75594,7.93975,-0.0049943,-0.0233568,6.15119,7.37141,-0.0049942,-0.0980987,5.60691,6.87127,-0.0749138,-0.0794133,5.12311,6.42796
0.104879,-0.0046716,6.7041,7.89429,0.0849023,-0.0980986,6.10799,7.34868,-0.0149827,-0.0420423,5.57235,6.83717,0.0349598,-0.126127,5.09719,6.40523
0.0749137,-0.0700708,6.65227,7.86019,0.0749137,-0.051385,6.04752,7.31458,0.0349598,-0.0887561,5.52915,6.80307,0.0149828,-0.0980988,5.06264,6.37113
0.0549367,-0.0420426,6.60043,7.82609,0.0749137,-0.116784,6.00432,7.28048,0.0049943,-0.0326997,5.50324,6.7576,0.0649253,-0.126127,5.02808,6.33703
-0.0349599,-0.0794134,6.55723,7.79199,0.0649252,-0.0420424,5.96112,7.24638,0.0149827,-0.107442,5.46004,6.7235,0.0349598,-0.0794133,4.99352,6.30293
-0.0349599,-0.0326997,6.5054,7.74652,0.0149827,-0.088756,5.90929,7.21228,0.0149827,-0.0607279,5.41684,6.70077,0.0549368,-0.107442,4.9676,6.26883
-0.104879,-0.0326997,6.4622,7.71242,0.0049943,-0.0326996,5.86609,7.16681,-0.0349598,-0.116784,5.38229,6.67803,0.0649254,-0.0607279,4.92441,6.23472
-0.0449483,0.0513849,6.41901,7.66695,-0.0749137,-0.0420423,5.84881,7.12134,-0.0249712,-0.0700705,5.34773,6.64393,0.0049944,-0.0794134,4.90713,6.20062
-0.0948909,0.0607277,6.38445,7.62148,0.0049943,0.0513851,5.81425,7.08724,-0.0749137,-0.088756,5.31317,6.6212,-0.0149826,-0.0513852,4.88121,6.16652
-0.0049943,0.0420421,6.34125,7.58738,-0.0749138,0.0513851,5.78834,7.04177,0.0149829,-0.014014,5.28726,6.5871,-0.0649252,-0.0420426,4.85529,6.14379
-0.074914,0.0607276,6.3067,7.54192,-0.0149828,0.0513851,5.75378,6.99631,-0.0749137,-0.0326995,5.2527,6.54163,-0.0049941,0.0326994,4.82073,6.10969
0.004994,0.014014,6.27214,7.49645,-0.0849024,0.0513851,5.72786,6.96221,0.0049943,-0.0326995,5.21814,6.50753,-0.104879,0.0607276,4.80346,6.08696
-0.03496,-0.0046715,6.22894,7.45098,0.0049942,-0.0046712,5.67603,6.93947,-0.0449482,-0.0326995,5.19223,6.4848,-0.0349599,0.051385,4.7689,6.06422
0.0149826,-0.0607278,6.18574,7.41688,-0.0948908,-0.0326995,5.64147,6.90537,0.0249712,-0.0607278,5.15767,6.4507,-0.0549369,0.0700704,4.74298,6.04149
-0.0049943,-0.0233568,6.15119,7.37141,-0.0049942,-0.0980987,5.60691,6.87127,-0.0749138,-0.0794133,5.12311,6.42796,0.0149827,0.0046714,4.70842,6.00739
0.0849023,-0.0980986,6.10799,7.34868,-0.0149827,-0.0420423,5.57235,6.83717,0.0349598,-0.126127,5.09719,6.40523,-0.054937,-0.0046714,4.6825,5.98466
0.0749137,-0.051385,6.04752,7.31458,0.0349598,-0.0887561,5.52915,6.80307,0.0149828,-0.0980988,5.06264,6.37113,0.024971,-0.0607278,4.65659,5.95055
0.0749137,-0.116784,6.00432,7.28048,0.0049943,-0.0326997,5.50324,6.7576,0.0649253,-0.126127,5.02808,6.33703,0.0149826,-0.0046714,4.62203,5.92782
0.0649252,-0.0420424,5.96112,7.24638,0.0149827,-0.107442,5.46004,6.7235,0.0349598,-0.0794133,4.99352,6.30293,0.0749136,-0.0607278,4.59611,5.90509
0.0149827,-0.088756,5.90929,7.21228,0.0149827,-0.0607279,5.41684,6.70077,0.0549368,-0.107442,4.9676,6.26883,0.0749136,-0.0046715,4.57019,5.87098
0.0049943,-0.0326996,5.86609,7.16681,-0.0349598,-0.116784,5.38229,6.67803,0.0649254,-0.0607279,4.92441,6.23472,0.0948908,-0.0607279,4.55292,5.83688
-0.0749137,-0.0420423,5.84881,7.12134,-0.0249712,-0.0700705,5.34773,6.64393,0.0049944,-0.0794134,4.90713,6.20062,0.114868,-0.0233569,4.527,5.80278
0.0049943,0.0513851,5.81425,7.08724,-0.0749137,-0.088756,5.31317,6.6212,-0.0149826,-0.0513852,4.88121,6.16652,0.0349598,-0.0607278,4.50972,5.78005
-0.0749138,0.0513851,5.78834,7.04177,0.0149829,-0.014014,5.28726,6.5871,-0.0649252,-0.0420426,4.85529,6.14379,0.054937,-0.0326996,4.4838,5.74595
-0.0149828,0.0513851,5.75378,6.99631,-0.0749137,-0.0326995,5.2527,6.54163,-0.0049941,0.0326994,4.82073,6.10969,-0.004994,-0.0420423,4.46652,5.73458
-0.0849024,0.0513851,5.72786,6.96221,0.0049943,-0.0326995,5.21814,6.50753,-0.104879,0.0607276,4.80346,6.08696,0.03496,0.0233569,4.43196,5.71185
0.0049942,-0.0046712,5.67603,6.93947,-0.0449482,-0.0326995,5.19223,6.4848,-0.0349599,0.051385,4.7689,6.06422,-0.0649252,0.051385,4.40605,5.68912
-0.0948908,-0.0326995,5.64147,6.90537,0.0249712,-0.0607278,5.15767,6.4507,-0.0549369,0.0700704,4.74298,6.04149,0.0249714,0.0420422,4.38877,5.66638
-0.0049942,-0.0980987,5.60691,6.87127,-0.0749138,-0.0794133,5.12311,6.42796,0.0149827,0.0046714,4.70842,6.00739,-0.0948908,0.051385,4.36285,5.64365
-0.0149827,-0.0420423,5.57235,6.83717,0.0349598,-0.126127,5.09719,6.40523,-0.054937,-0.0046714,4.6825,5.98466,-0.0349598,0.0046714,4.33693,5.60955
0.0349598,-0.0887561,5.52915,6.80307,0.0149828,-0.0980988,5.06264,6.37113,0.024971,-0.0607278,4.65659,5.95055,-0.094891,-0.0046714,4.31965,5.58682
0.0049943,-0.0326997,5.50324,6.7576,0.0649253,-0.126127,5.02808,6.33703,0.0149826,-0.0046714,4.62203,5.92782,-0.0349599,-0.0607278,4.29374,5.57545
0.0149827,-0.107442,5.46004,6.7235,0.0349598,-0.0794133,4.99352,6.30293,0.0749136,-0.0607278,4.59611,5.90509,-0.0549368,-0.0046714,4.25918,5.54135
0.0149827,-0.0607279,5.41684,6.70077,0.0549368,-0.107442,4.9676,6.26883,0.0749136,-0.0046715,4.57019,5.87098,0.0549368,-0.0326997,4.2419,5.51861
-0.0349598,-0.116784,5.38229,6.67803,0.0649254,-0.0607279,4.92441,6.23472,0.0948908,-0.0607279,4.55292,5.83688,0.0549368,0.0326993,4.21598,5.49588
-0.0249712,-0.0700705,5.34773,6.64393,0.0049944,-0.0794134,4.90713,6.20062,0.114868,-0.0233569,4.527,5.80278,0.0649254,-0.0420425,4.1987,5.47315
-0.0749137,-0.088756,5.31317,6.6212,-0.0149826,-0.0513852,4.88121,6.16652,0.0349598,-0.0607278,4.50972,5.78005,0.0749139,0.0046711,4.17278,5.42768
0.0149829,-0.014014,5.28726,6.5871,-0.0649252,-0.0420426,4.85529,6.14379,0.054937,-0.0326996,4.4838,5.74595,0.0049942,0.0140139,4.16415,5.40494
-0.0749137,-0.0326995,5.2527,6.54163,-0.0049941,0.0326994,4.82073,6.10969,-0.004994,-0.0420423,4.46652,5.73458,0.0149828,0.0420422,4.12959,5.37084
0.0049943,-0.0326995,5.21814,6.50753,-0.104879,0.0607276,4.80346,6.08696,0.03496,0.0233569,4.43196,5.71185,-0.0449482,0.0233568,4.11231,5.34811
-0.0449482,-0.0326995,5.19223,6.4848,-0.0349599,0.051385,4.7689,6.06422,-0.0649252,0.051385,4.40605,5.68912,0.054937,0.0794131,4.0864,5.32538
0.0249712,-0.0607278,5.15767,6.4507,-0.0549369,0.0700704,4.74298,6.04149,0.0249714,0.0420422,4.38877,5.66638,0.0249714,0.0700705,4.06912,5.31401
-0.0749138,-0.0794133,5.12311,6.42796,0.0149827,0.0046714,4.70842,6.00739,-0.0948908,0.051385,4.36285,5.64365,0.0849026,0.0140141,4.0432,5.29128
0.0349598,-0.126127,5.09719,6.40523,-0.054937,-0.0046714,4.6825,5.98466,-0.0349598,0.0046714,4.33693,5.60955,-0.0349596,0.0326995,4.03456,5.26854
0.0149828,-0.0980988,5.06264,6.37113,0.024971,-0.0607278,4.65659,5.95055,-0.094891,-0.0046714,4.31965,5.58682,0.0149829,0.0140141,4.01728,5.24581
0.0649253,-0.126127,5.02808,6.33703,0.0149826,-0.0046714,4.62203,5.92782,-0.0349599,-0.0607278,4.29374,5.57545,0.0349599,0.0233567,4,5.21171
0.0349598,-0.0794133,4.99352,6.30293,0.0749136,-0.0607278,4.59611,5.90509,-0.0549368,-0.0046714,4.25918,5.54135,0.0449484,-0.0233571,3.97408,5.18898
0.0549368,-0.107442,4.9676,6.26883,0.0749136,-0.0046715,4.57019,5.87098,0.0549368,-0.0326997,4.2419,5.51861,0.0149828,0.0140139,3.94816,5.16624
0.0649254,-0.0607279,4.92441,6.23472,0.0948908,-0.0607279,4.55292,5.83688,0.0549368,0.0326993,4.21598,5.49588,0.0948909,-0.0420425,3.91361,5.15488
0.0049944,-0.0794134,4.90713,6.20062,0.114868,-0.0233569,4.527,5.80278,0.0649254,-0.0420425,4.1987,5.47315,0.114868,0.014014,3.88769,5.13214
-0.0149826,-0.0513852,4.88121,6.16652,0.0349598,-0.0607278,4.50972,5.78005,0.0749139,0.0046711,4.17278,5.42768,0.0049942,-0.0326996,3.86177,5.12077
-0.0649252,-0.0420426,4.85529,6.14379,0.054937,-0.0326996,4.4838,5.74595,0.0049942,0.0140139,4.16415,5.40494,0.0149828,0.0233568,3.84449,5.10941
-0.0049941,0.0326994,4.82073,6.10969,-0.004994,-0.0420423,4.46652,5.73458,0.0149828,0.0420422,4.12959,5.37084,-0.0049942,0.014014,3.82721,5.09804
-0.104879,0.0607276,4.80346,6.08696,0.03496,0.0233569,4.43196,5.71185,-0.0449482,0.0233568,4.11231,5.34811,0.0049943,0.0420422,3.80994,5.06394
-0.0349599,0.051385,4.7689,6.06422,-0.0649252,0.051385,4.40605,5.68912,0.054937,0.0794131,4.0864,5.32538,-0.0749137,0.0607276,3.79266,5.0412
-0.0549369,0.0700704,4.74298,6.04149,0.0249714,0.0420422,4.38877,5.66638,0.0249714,0.0700705,4.06912,5.31401,-0.0149827,0.107441,3.76674,5.01847
0.0149827,0.0046714,4.70842,6.00739,-0.0948908,0.051385,4.36285,5.64365,0.0849026,0.0140141,4.0432,5.29128,-0.0549368,0.107441,3.74946,4.99573
-0.054937,-0.0046714,4.6825,5.98466,-0.0349598,0.0046714,4.33693,5.60955,-0.0349596,0.0326995,4.03456,5.26854,0.0249712,0.0700702,3.72354,4.96163
0.024971,-0.0607278,4.65659,5.95055,-0.094891,-0.0046714,4.31965,5.58682,0.0149829,0.0140141,4.01728,5.24581,-0.0649254,0.079413,3.69762,4.95027
0.0149826,-0.0046714,4.62203,5.92782,-0.0349599,-0.0607278,4.29374,5.57545,0.0349599,0.0233567,4,5.21171,-0.0249714,-0.0046716,3.68035,4.9389
0.0749136,-0.0607278,4.59611,5.90509,-0.0549368,-0.0046714,4.25918,5.54135,0.0449484,-0.0233571,3.97408,5.18898,-0.014983,0.0046712,3.66307,4.91617
0.0749136,-0.0046715,4.57019,5.87098,0.0549368,-0.0326997,4.2419,5.51861,0.0149828,0.0140139,3.94816,5.16624,0.0249711,-0.023357,3.64579,4.89344
0.0948908,-0.0607279,4.55292,5.83688,0.0549368,0.0326993,4.21598,5.49588,0.0948909,-0.0420425,3.91361,5.15488,0.0249711,0.0233568,3.62851,4.8707
0.114868,-0.0233569,4.527,5.80278,0.0649254,-0.0420425,4.1987,5.47315,0.114868,0.014014,3.88769,5.13214,0.114868,-0.0140142,3.61987,4.84797
0.0349598,-0.0607278,4.50972,5.78005,0.0749139,0.0046711,4.17278,5.42768,0.0049942,-0.0326996,3.86177,5.12077,0.134845,0.0420422,3.59395,4.82524
0.054937,-0.0326996,4.4838,5.74595,0.0049942,0.0140139,4.16415,5.40494,0.0149828,0.0233568,3.84449,5.10941,0.0449482,-0.0326996,3.56803,4.8025
-0.004994,-0.0420423,4.46652,5.73458,0.0149828,0.0420422,4.12959,5.37084,-0.0049942,0.014014,3.82721,5.09804,0.0549367,-0.0046714,3.55076,4.77977
0.03496,0.0233569,4.43196,5.71185,-0.0449482,0.0233568,4.11231,5.34811,0.0049943,0.0420422,3.80994,5.06394,-0.0349599,-0.0140142,3.53348,4.7684
-0.0649252,0.051385,4.40605,5.68912,0.054937,0.0794131,4.0864,5.32538,-0.0749137,0.0607276,3.79266,5.0412,-0.0449484,0.0326994,3.50756,4.74567
0.0249714,0.0420422,4.38877,5.66638,0.0249714,0.0700705,4.06912,5.31401,-0.0149827,0.107441,3.76674,5.01847,-0.0849025,0.0326994,3.49892,4.72293
-0.0948908,0.051385,4.36285,5.64365,0.0849026,0.0140141,4.0432,5.29128,-0.0549368,0.107441,3.74946,4.99573,0.0149827,0.0326994,3.49028,4.7002
-0.0349598,0.0046714,4.33693,5.60955,-0.0349596,0.0326995,4.03456,5.26854,0.0249712,0.0700702,3.72354,4.96163,-0.0449483,0.0420422,3.473,4.67747
-0.094891,-0.0046714,4.31965,5.58682,0.0149829,0.0140141,4.01728,5.24581,-0.0649254,0.079413,3.69762,4.95027,0.0549369,0.0046712,3.45572,4.65473
-0.0349599,-0.0607278,4.29374,5.57545,0.0349599,0.0233567,4,5.21171,-0.0249714,-0.0046716,3.68035,4.9389,0.0049944,-0.0233569,3.43844,4.64337
-0.0549368,-0.0046714,4.25918,5.54135,0.0449484,-0.0233571,3.97408,5.18898,-0.014983,0.0046712,3.66307,4.91617,0.0649254,-0.116784,3.42117,4.632
0.0549368,-0.0326997,4.2419,5.51861,0.0149828,0.0140139,3.94816,5.16624,0.0249711,-0.023357,3.64579,4.89344,0.0549368,-0.060728,3.40389,4.62063
0.0549368,0.0326993,4.21598,5.49588,0.0948909,-0.0420425,3.91361,5.15488,0.0249711,0.0233568,3.62851,4.8707,0.124856,-0.116784,3.37797,4.60926
0.0649254,-0.0420425,4.1987,5.47315,0.114868,0.014014,3.88769,5.13214,0.114868,-0.0140142,3.61987,4.84797,0.104879,-0.0980988,3.36933,4.58653
0.0749139,0.0046711,4.17278,5.42768,0.0049942,-0.0326996,3.86177,5.12077,0.134845,0.0420422,3.59395,4.82524,0.0549366,-0.13547,3.36069,4.57516
0.0049942,0.0140139,4.16415,5.40494,0.0149828,0.0233568,3.84449,5.10941,0.0449482,-0.0326996,3.56803,4.8025,0.0349597,-0.0513851,3.34341,4.55243
0.0149828,0.0420422,4.12959,5.37084,-0.0049942,0.014014,3.82721,5.09804,0.0549367,-0.0046714,3.55076,4.77977,-0.0549369,-0.107441,3.32613,4.52969
-0.0449482,0.0233568,4.11231,5.34811,0.0049943,0.0420422,3.80994,5.06394,-0.0349599,-0.0140142,3.53348,4.7684,-0.0749138,-0.0794132,3.30885,4.50696
0.054937,0.0794131,4.0864,5.32538,-0.0749137,0.0607276,3.79266,5.0412,-0.0449484,0.0326994,3.50756,4.74567,-0.134845,-0.0607278,3.28294,4.48423
0.0249714,0.0700705,4.06912,5.31401,-0.0149827,0.107441,3.76674,5.01847,-0.0849025,0.0326994,3.49892,4.72293,0.0049944,-0.0046714,3.26566,4.46149
0.0849026,0.0140141,4.0432,5.29128,-0.0549368,0.107441,3.74946,4.99573,0.0149827,0.0326994,3.49028,4.7002,-0.0349597,-0.014014,3.24838,4.43876
-0.0349596,0.0326995,4.03456,5.26854,0.0249712,0.0700702,3.72354,4.96163,-0.0449483,0.0420422,3.473,4.67747,0.03496,-0.014014,3.2311,4.42739
0.0149829,0.0140141,4.01728,5.24581,-0.0649254,0.079413,3.69762,4.95027,0.0549369,0.0046712,3.45572,4.65473,-0.0349597,0.0140141,3.22246,4.41603
0.0349599,0.0233567,4,5.21171,-0.0249714,-0.0046716,3.68035,4.9389,0.0049944,-0.0233569,3.43844,4.64337,0.0349597,-0.0326995,3.20518,4.40466
0.0449484,-0.0233571,3.97408,5.18898,-0.014983,0.0046712,3.66307,4.91617,0.0649254,-0.116784,3.42117,4.632,-0.0849025,-0.014014,3.1879,4.38193
0.0149828,0.0140139,3.94816,5.16624,0.0249711,-0.023357,3.64579,4.89344,0.0549368,-0.060728,3.40389,4.62063,-0.0449484,-0.088756,3.17063,4.37056
0.0948909,-0.0420425,3.91361,5.15488,0.0249711,0.0233568,3.62851,4.8707,0.124856,-0.116784,3.37797,4.60926,-0.0349599,-0.0326996,3.15335,4.34783
0.114868,0.014014,3.88769,5.13214,0.114868,-0.0140142,3.61987,4.84797,0.104879,-0.0980988,3.36933,4.58653,0.0649253,-0.182183,3.13607,4.32509
0.0049942,-0.0326996,3.86177,5.12077,0.134845,0.0420422,3.59395,4.82524,0.0549366,-0.13547,3.36069,4.57516,0.0449484,-0.13547,3.11879,4.31373
0.0149828,0.0233568,3.84449,5.10941,0.0449482,-0.0326996,3.56803,4.8025,0.0349597,-0.0513851,3.34341,4.55243,0.0349598,-0.228897,3.10151,4.29099
-0.0049942,0.014014,3.82721,5.09804,0.0549367,-0.0046714,3.55076,4.77977,-0.0549369,-0.107441,3.32613,4.52969,0.0449483,-0.154155,3.08423,4.26826
0.0049943,0.0420422,3.80994,5.06394,-0.0349599,-0.0140142,3.53348,4.7684,-0.0749138,-0.0794132,3.30885,4.50696,-0.0349599,-0.228897,3.06695,4.25689
-0.0749137,0.0607276,3.79266,5.0412,-0.0449484,0.0326994,3.50756,4.74567,-0.134845,-0.0607278,3.28294,4.48423,-0.0449485,-0.0980989,3.04967,4.23416
-0.0149827,0.107441,3.76674,5.01847,-0.0849025,0.0326994,3.49892,4.72293,0.0049944,-0.0046714,3.26566,4.46149,-0.10488,-0.0887561,3.04104,4.21142
-0.0549368,0.107441,3.74946,4.99573,0.0149827,0.0326994,3.49028,4.7002,-0.0349597,-0.014014,3.24838,4.43876,-0.0149829,0.0046713,3.02376,4.20006
0.0249712,0.0700702,3.72354,4.96163,-0.0449483,0.0420422,3.473,4.67747,0.03496,-0.014014,3.2311,4.42739,-0.0849025,-0.0046715,3.00648,4.17732
-0.0649254,0.079413,3.69762,4.95027,0.0549369,0.0046712,3.45572,4.65473,-0.0349597,0.0140141,3.22246,4.41603,-0.0049943,0.0326995,2.9892,4.15459
-0.0249714,-0.0046716,3.68035,4.9389,0.0049944,-0.0233569,3.43844,4.64337,0.0349597,-0.0326995,3.20518,4.40466,-0.0649253,0.0326995,2.98056,4.14322
-0.014983,0.0046712,3.66307,4.91617,0.0649254,-0.116784,3.42117,4.632,-0.0849025,-0.014014,3.1879,4.38193,-0.0249713,-0.0233568,2.96328,4.13186
0.0249711,-0.023357,3.64579,4.89344,0.0549368,-0.060728,3.40389,4.62063,-0.0449484,-0.088756,3.17063,4.37056,-0.0849024,-0.0233568,2.95465,4.10912
0.0249711,0.0233568,3.62851,4.8707,0.124856,-0.116784,3.37797,4.60926,-0.0349599,-0.0326996,3.15335,4.34783,-0.0249713,-0.051385,2.93737,4.09775
0.114868,-0.0140142,3.61987,4.84797,0.104879,-0.0980988,3.36933,4.58653,0.0649253,-0.182183,3.13607,4.32509,-0.0149829,-0.0140141,2.92873,4.08639
0.134845,0.0420422,3.59395,4.82524,0.0549366,-0.13547,3.36069,4.57516,0.0449484,-0.13547,3.11879,4.31373,0.0149827,-0.0607278,2.91145,4.07502
0.0449482,-0.0326996,3.56803,4.8025,0.0349597,-0.0513851,3.34341,4.55243,0.0349598,-0.228897,3.10151,4.29099,0.0449482,-0.0046715,2.89417,4.06365
0.0549367,-0.0046714,3.55076,4.77977,-0.0549369,-0.107441,3.32613,4.52969,0.0449483,-0.154155,3.08423,4.26826,0.0549368,-0.0607279,2.87689,4.05228
-0.0349599,-0.0140142,3.53348,4.7684,-0.0749138,-0.0794132,3.30885,4.50696,-0.0349599,-0.228897,3.06695,4.25689,0.0849024,-0.0326997,2.85961,4.02955
-0.0449484,0.0326994,3.50756,4.74567,-0.134845,-0.0607278,3.28294,4.48423,-0.0449485,-0.0980989,3.04967,4.23416,-0.0149826,-0.107442,2.85097,4.00682
-0.0849025,0.0326994,3.49892,4.72293,0.0049944,-0.0046714,3.26566,4.46149,-0.10488,-0.0887561,3.04104,4.21142,0.0149828,-0.0794133,2.83369,3.98409
0.0149827,0.0326994,3.49028,4.7002,-0.0349597,-0.014014,3.24838,4.43876,-0.0149829,0.0046713,3.02376,4.20006,-0.0649254,-0.0887561,2.82506,3.96136
-0.0449483,0.0420422,3.473,4.67747,0.03496,-0.014014,3.2311,4.42739,-0.0849025,-0.0046715,3.00648,4.17732,-0.0049944,-0.0607279,2.81642,3.94999
0.0549369,0.0046712,3.45572,4.65473,-0.0349597,0.0140141,3.22246,4.41603,-0.0049943,0.0326995,2.9892,4.15459,-0.0849024,-0.0420425,2.80778,3.94999
0.0049944,-0.0233569,3.43844,4.64337,0.0349597,-0.0326995,3.20518,4.40466,-0.0649253,0.0326995,2.98056,4.14322,0.0149826,-0.0140143,2.7905,3.93862
0.0649254,-0.116784,3.42117,4.632,-0.0849025,-0.014014,3.1879,4.38193,-0.0249713,-0.0233568,2.96328,4.13186,-0.304649,-0.0046715,2.78186,3.91589
0.0549368,-0.060728,3.40389,4.62063,-0.0449484,-0.088756,3.17063,4.37056,-0.0849024,-0.0233568,2.95465,4.10912,-0.214752,-0.023357,2.76458,3.89315
0.124856,-0.116784,3.37797,4.60926,-0.0349599,-0.0326996,3.15335,4.34783,-0.0249713,-0.051385,2.93737,4.09775,-0.274683,-0.0326998,2.7473,3.87042
0.104879,-0.0980988,3.36933,4.58653,0.0649253,-0.182183,3.13607,4.32509,-0.0149829,-0.0140141,2.92873,4.08639,-0.214752,-0.0980988,2.73002,3.84769
0.0549366,-0.13547,3.36069,4.57516,0.0449484,-0.13547,3.11879,4.31373,0.0149827,-0.0607278,2.91145,4.07502,-0.234729,-0.0794132,2.71274,3.83632
0.0349597,-0.0513851,3.34341,4.55243,0.0349598,-0.228897,3.10151,4.29099,0.0449482,-0.0046715,2.89417,4.06365,0.0749139,-0.144812,2.69547,3.83632
-0.0549369,-0.107441,3.32613,4.52969,0.0449483,-0.154155,3.08423,4.26826,0.0549368,-0.0607279,2.87689,4.05228,0.0449484,-0.0980988,2.68683,3.82495
-0.0749138,-0.0794132,3.30885,4.50696,-0.0349599,-0.228897,3.06695,4.25689,0.0849024,-0.0326997,2.85961,4.02955,0.0249712,-0.154155,2.67819,3.81358
-0.134845,-0.0607278,3.28294,4.48423,-0.0449485,-0.0980989,3.04967,4.23416,-0.0149826,-0.107442,2.85097,4.00682,0.0149827,-0.0980989,2.66955,3.79085
0.0049944,-0.0046714,3.26566,4.46149,-0.10488,-0.0887561,3.04104,4.21142,0.0149828,-0.0794133,2.83369,3.98409,-0.0449484,-0.126127,2.66091,3.76812
-0.0349597,-0.014014,3.24838,4.43876,-0.0149829,0.0046713,3.02376,4.20006,-0.0649254,-0.0887561,2.82506,3.96136,-0.0649254,-0.0607278,2.64363,3.74538
0.03496,-0.014014,3.2311,4.42739,-0.0849025,-0.0046715,3.00648,4.17732,-0.0049944,-0.0607279,2.81642,3.94999,-0.104879,-0.0700706,2.63499,3.73402
-0.0349597,0.0140141,3.22246,4.41603,-0.0049943,0.0326995,2.9892,4.15459,-0.0849024,-0.0420425,2.80778,3.94999,0.0149828,0.0046713,2.61771,3.72265
0.0349597,-0.0326995,3.20518,4.40466,-0.0649253,0.0326995,2.98056,4.14322,0.0149826,-0.0140143,2.7905,3.93862,-0.0449482,-0.0046714,2.60043,3.72265
-0.0849025,-0.014014,3.1879,4.38193,-0.0249713,-0.0233568,2.96328,4.13186,-0.304649,-0.0046715,2.78186,3.91589,0.0449484,0.0046712,2.59179,3.71128
-0.0449484,-0.088756,3.17063,4.37056,-0.0849024,-0.0233568,2.95465,4.10912,-0.214752,-0.023357,2.76458,3.89315,0.0049944,-0.0046715,2.57451,3.68855
-0.0349599,-0.0326996,3.15335,4.34783,-0.0249713,-0.051385,2.93737,4.09775,-0.274683,-0.0326998,2.7473,3.87042,0.0549369,-0.0513851,2.56587,3.67718
0.0649253,-0.182183,3.13607,4.32509,-0.0149829,-0.0140141,2.92873,4.08639,-0.214752,-0.0980988,2.73002,3.84769,-0.0349597,-0.0420425,2.55724,3.65445
0.0449484,-0.13547,3.11879,4.31373,0.0149827,-0.0607278,2.91145,4.07502,-0.234729,-0.0794132,2.71274,3.83632,0.0349599,-0.0794135,2.55724,3.63171
0.0349598,-0.228897,3.10151,4.29099,0.0449482,-0.0046715,2.89417,4.06365,0.0749139,-0.144812,2.69547,3.83632,0.0149829,-0.0326998,2.53996,3.62035
0.0449483,-0.154155,3.08423,4.26826,0.0549368,-0.0607279,2.87689,4.05228,0.0449484,-0.0980988,2.68683,3.82495,0.0649254,-0.0700706,2.53132,3.62035
-0.0349599,-0.228897,3.06695,4.25689,0.0849024,-0.0326997,2.85961,4.02955,0.0249712,-0.154155,2.67819,3.81358,0.0549368,-0.0046714,2.5054,3.59761
-0.0449485,-0.0980989,3.04967,4.23416,-0.0149826,-0.107442,2.85097,4.00682,0.0149827,-0.0980989,2.66955,3.79085,0.0449484,-0.0700704,2.49676,3.58625
-0.10488,-0.0887561,3.04104,4.21142,0.0149828,-0.0794133,2.83369,3.98409,-0.0449484,-0.126127,2.66091,3.76812,0.0349599,-0.0233567,2.47948,3.56351
-0.0149829,0.0046713,3.02376,4.20006,-0.0649254,-0.0887561,2.82506,3.96136,-0.0649254,-0.0607278,2.64363,3.74538,-0.0149827,-0.079413,2.47084,3.54078
-0.0849025,-0.0046715,3.00648,4.17732,-0.0049944,-0.0607279,2.81642,3.94999,-0.104879,-0.0700706,2.63499,3.73402,-0.0049942,-0.0233567,2.4622,3.51805
-0.0049943,0.0326995,2.9892,4.15459,-0.0849024,-0.0420425,2.80778,3.94999,0.0149828,0.0046713,2.61771,3.72265,-0.0649253,-0.0513849,2.45356,3.50668
-0.0649253,0.0326995,2.98056,4.14322,0.0149826,-0.0140143,2.7905,3.93862,-0.0449482,-0.0046714,2.60043,3.72265,0.0049941,0.0233569,2.43629,3.49531
-0.0249713,-0.0233568,2.96328,4.13186,-0.304649,-0.0046715,2.78186,3.91589,0.0449484,0.0046712,2.59179,3.71128,-0.0449484,0.0046714,2.42765,3.48394
-0.0849024,-0.0233568,2.95465,4.10912,-0.214752,-0.023357,2.76458,3.89315,0.0049944,-0.0046715,2.57451,3.68855,0.0249712,-0.0046714,2.41901,3.47258
-0.0249713,-0.051385,2.93737,4.09775,-0.274683,-0.0326998,2.7473,3.87042,0.0549369,-0.0513851,2.56587,3.67718,-0.054937,-0.0046714,2.41037,3.44984
-0.0149829,-0.0140141,2.92873,4.08639,-0.214752,-0.0980988,2.73002,3.84769,-0.0349597,-0.0420425,2.55724,3.65445,0.0349596,-0.0420424,2.40173,3.43848
0.0149827,-0.0607278,2.91145,4.07502,-0.234729,-0.0794132,2.71274,3.83632,0.0349599,-0.0794135,2.55724,3.63171,-0.0449484,-0.0700705,2.38445,3.41574
0.0449482,-0.0046715,2.89417,4.06365,0.0749139,-0.144812,2.69547,3.83632,0.0149829,-0.0326998,2.53996,3.62035,0.0049941,-0.0794133,2.36717,3.40438
0.0549368,-0.0607279,2.87689,4.05228,0.0449484,-0.0980988,2.68683,3.82495,0.0649254,-0.0700706,2.53132,3.62035,-0.0049945,-0.0140141,2.35853,3.39301
0.0849024,-0.0326997,2.85961,4.02955,0.0249712,-0.154155,2.67819,3.81358,0.0549368,-0.0046714,2.5054,3.59761,0.0549366,-0.0794133,2.34989,3.39301
-0.0149826,-0.107442,2.85097,4.00682,0.0149827,-0.0980989,2.66955,3.79085,0.0449484,-0.0700704,2.49676,3.58625,0.0249712,-0.0513851,2.34125,3.37027
0.0149828,-0.0794133,2.83369,3.98409,-0.0449484,-0.126127,2.66091,3.76812,0.0349599,-0.0233567,2.47948,3.56351,0.0049942,-0.0980987,2.33261,3.37027
-0.0649254,-0.0887561,2.82506,3.96136,-0.0649254,-0.0607278,2.64363,3.74538,-0.0149827,-0.079413,2.47084,3.54078,0.0049942,-0.0607278,2.32397,3.35891
-0.0049944,-0.0607279,2.81642,3.94999,-0.104879,-0.0700706,2.63499,3.73402,-0.0049942,-0.0233567,2.4622,3.51805,-0.0749138,-0.0700706,2.3067,3.33617
-0.0849024,-0.0420425,2.80778,3.94999,0.0149828,0.0046713,2.61771,3.72265,-0.0649253,-0.0513849,2.45356,3.50668,-0.0549368,0.0326996,2.28942,3.31344
0.0149826,-0.0140143,2.7905,3.93862,-0.0449482,-0.0046714,2.60043,3.72265,0.0049941,0.0233569,2.43629,3.49531,-0.0948907,0.0420424,2.28078,3.31344
-0.304649,-0.0046715,2.78186,3.91589,0.0449484,0.0046712,2.59179,3.71128,-0.0449484,0.0046714,2.42765,3.48394,-0.0149826,0.088756,2.27214,3.29071
-0.214752,-0.023357,2.76458,3.89315,0.0049944,-0.0046715,2.57451,3.68855,0.0249712,-0.0046714,2.41901,3.47258,-0.0749137,0.088756,2.27214,3.27934
-0.274683,-0.0326998,2.7473,3.87042,0.0549369,-0.0513851,2.56587,3.67718,-0.054937,-0.0046714,2.41037,3.44984,-0.0249712,0.0326996,2.2635,3.26797
-0.214752,-0.0980988,2.73002,3.84769,-0.0349597,-0.0420425,2.55724,3.65445,0.0349596,-0.0420424,2.40173,3.43848,-0.0948908,-0.0046715,2.2635,3.26797
-0.234729,-0.0794132,2.71274,3.83632,0.0349599,-0.0794135,2.55724,3.63171,-0.0449484,-0.0700705,2.38445,3.41574,-0.0249714,-0.088756,2.25486,3.24524
0.0749139,-0.144812,2.69547,3.83632,0.0149829,-0.0326998,2.53996,3.62035,0.0049941,-0.0794133,2.36717,3.40438,0.0049942,-0.0700706,2.24622,3.23387
0.0449484,-0.0980988,2.68683,3.82495,0.0649254,-0.0700706,2.53132,3.62035,-0.0049945,-0.0140141,2.35853,3.39301,0.0649252,-0.0980988,2.22894,3.22251
0.0249712,-0.154155,2.67819,3.81358,0.0549368,-0.0046714,2.5054,3.59761,0.0549366,-0.0794133,2.34989,3.39301,0.0948907,-0.0513851,2.21166,3.21114
0.0149827,-0.0980989,2.66955,3.79085,0.0449484,-0.0700704,2.49676,3.58625,0.0249712,-0.0513851,2.34125,3.37027,0.154822,-0.107441,2.19438,3.19977
-0.0449484,-0.126127,2.66091,3.76812,0.0349599,-0.0233567,2.47948,3.56351,0.0049942,-0.0980987,2.33261,3.37027,0.144833,-0.0420424,2.17711,3.18841
-0.0649254,-0.0607278,2.64363,3.74538,-0.0149827,-0.079413,2.47084,3.54078,0.0049942,-0.0607278,2.32397,3.35891,0.0349598,-0.116784,2.16847,3.17704
-0.104879,-0.0700706,2.63499,3.73402,-0.0049942,-0.0233567,2.4622,3.51805,-0.0749138,-0.0700706,2.3067,3.33617,0.0549367,-0.107441,2.15983,3.16568
0.0149828,0.0046713,2.61771,3.72265,-0.0649253,-0.0513849,2.45356,3.50668,-0.0549368,0.0326996,2.28942,3.31344,-0.0149827,-0.107441,2.15119,3.16568
-0.0449482,-0.0046714,2.60043,3.72265,0.0049941,0.0233569,2.43629,3.49531,-0.0948907,0.0420424,2.28078,3.31344,-0.0049942,-0.0326996,2.14255,3.14294
0.0449484,0.0046712,2.59179,3.71128,-0.0449484,0.0046714,2.42765,3.48394,-0.0149826,0.088756,2.27214,3.29071,-0.224742,-0.0420424,2.13391,3.13157
0.0049944,-0.0046715,2.57451,3.68855,0.0249712,-0.0046714,2.41901,3.47258,-0.0749137,0.088756,2.27214,3.27934,-0.134845,0.0326994,2.12527,3.12021
0.0549369,-0.0513851,2.56587,3.67718,-0.054937,-0.0046714,2.41037,3.44984,-0.0249712,0.0326996,2.2635,3.26797,-0.204764,0.0326994,2.11663,3.10884
-0.0349597,-0.0420425,2.55724,3.65445,0.0349596,-0.0420424,2.40173,3.43848,-0.0948908,-0.0046715,2.2635,3.26797,-0.154822,-0.023357,2.10799,3.0861
0.0349599,-0.0794135,2.55724,3.63171,-0.0449484,-0.0700705,2.38445,3.41574,-0.0249714,-0.088756,2.25486,3.24524,-0.224742,-0.023357,2.09935,3.07474
0.0149829,-0.0326998,2.53996,3.62035,0.0049941,-0.0794133,2.36717,3.40438,0.0049942,-0.0700706,2.24622,3.23387,0.0149829,-0.0513852,2.08207,3.06337
0.0649254,-0.0700706,2.53132,3.62035,-0.0049945,-0.0140141,2.35853,3.39301,0.0649252,-0.0980988,2.22894,3.22251,0.0149829,-0.0607278,2.07343,3.05201
0.0549368,-0.0046714,2.5054,3.59761,0.0549366,-0.0794133,2.34989,3.39301,0.0948907,-0.0513851,2.21166,3.21114,0.0649254,-0.107441,2.06479,3.02927
0.0449484,-0.0700704,2.49676,3.58625,0.0249712,-0.0513851,2.34125,3.37027,0.154822,-0.107441,2.19438,3.19977,0.0749139,-0.0326995,2.05615,3.02927
0.0349599,-0.0233567,2.47948,3.56351,0.0049942,-0.0980987,2.33261,3.37027,0.144833,-0.0420424,2.17711,3.18841,0.0449483,-0.107441,2.04752,3.0179
-0.0149827,-0.079413,2.47084,3.54078,0.0049942,-0.0607278,2.32397,3.35891,0.0349598,-0.116784,2.16847,3.17704,0.0249713,-0.0326995,2.03024,3.00654
-0.0049942,-0.0233567,2.4622,3.51805,-0.0749138,-0.0700706,2.3067,3.33617,0.0549367,-0.107441,2.15983,3.16568,-0.0649253,-0.051385,2.03024,2.99517
-0.0649253,-0.0513849,2.45356,3.50668,-0.0549368,0.0326996,2.28942,3.31344,-0.0149827,-0.107441,2.15119,3.16568,-0.0349598,-0.0140141,2.01296,2.99517
0.0049941,0.0233569,2.43629,3.49531,-0.0948907,0.0420424,2.28078,3.31344,-0.0049942,-0.0326996,2.14255,3.14294,-0.0849024,-0.0140141,2.00432,2.9838
-0.0449484,0.0046714,2.42765,3.48394,-0.0149826,0.088756,2.27214,3.29071,-0.224742,-0.0420424,2.13391,3.13157,0.0049943,0.0326995,1.99568,2.9838
0.0249712,-0.0046714,2.41901,3.47258,-0.0749137,0.088756,2.27214,3.27934,-0.134845,0.0326994,2.12527,3.12021,-0.0849023,0.0233567,1.99568,2.97243
-0.054937,-0.0046714,2.41037,3.44984,-0.0249712,0.0326996,2.2635,3.26797,-0.204764,0.0326994,2.11663,3.10884,0.0149827,-0.0046715,1.9784,2.96107
0.0349596,-0.0420424,2.40173,3.43848,-0.0948908,-0.0046715,2.2635,3.26797,-0.154822,-0.023357,2.10799,3.0861,-0.0349599,0.0326994,1.9784,2.9497
-0.0449484,-0.0700705,2.38445,3.41574,-0.0249714,-0.088756,2.25486,3.24524,-0.224742,-0.023357,2.09935,3.07474,0.0049942,-0.023357,1.96976,2.92697
0.0049941,-0.0794133,2.36717,3.40438,0.0049942,-0.0700706,2.24622,3.23387,0.0149829,-0.0513852,2.08207,3.06337,-0.0449483,0.0046712,1.96112,2.90423
-0.0049945,-0.0140141,2.35853,3.39301,0.0649252,-0.0980988,2.22894,3.22251,0.0149829,-0.0607278,2.07343,3.05201,0.0549367,-0.0607278,1.95248,2.89287
0.0549366,-0.0794133,2.34989,3.39301,0.0948907,-0.0513851,2.21166,3.21114,0.0649254,-0.107441,2.06479,3.02927,0.0449483,-0.0046714,1.94384,2.8815
0.0249712,-0.0513851,2.34125,3.37027,0.154822,-0.107441,2.19438,3.19977,0.0749139,-0.0326995,2.05615,3.02927,0.0849023,-0.0607278,1.9352,2.87013
0.0049942,-0.0980987,2.33261,3.37027,0.144833,-0.0420424,2.17711,3.18841,0.0449483,-0.107441,2.04752,3.0179,0.104879,-0.0140142,1.92656,2.85876
0.0049942,-0.0607278,2.32397,3.35891,0.0349598,-0.116784,2.16847,3.17704,0.0249713,-0.0326995,2.03024,3.00654,0.104879,-0.0700706,1.92656,2.8474
-0.0749138,-0.0700706,2.3067,3.33617,0.0549367,-0.107441,2.15983,3.16568,-0.0649253,-0.051385,2.03024,2.99517,0.104879,-0.0140142,1.91792,2.83603
-0.0549368,0.0326996,2.28942,3.31344,-0.0149827,-0.107441,2.15119,3.16568,-0.0349598,-0.0140141,2.01296,2.99517,0.0149826,-0.0420423,1.90065,2.82467
-0.0948907,0.0420424,2.28078,3.31344,-0.0049942,-0.0326996,2.14255,3.14294,-0.0849024,-0.0140141,2.00432,2.9838,0.0249712,-0.0420423,1.88337,2.80193
-0.0149826,0.088756,2.27214,3.29071,-0.224742,-0.0420424,2.13391,3.13157,0.0049943,0.0326995,1.99568,2.9838,-0.0649254,-0.0326996,1.88337,2.80193
-0.0749137,0.088756,2.27214,3.27934,-0.134845,0.0326994,2.12527,3.12021,-0.0849023,0.0233567,1.99568,2.97243,0.004994,-0.0046714,1.86609,2.79056
-0.0249712,0.0326996,2.2635,3.26797,-0.204764,0.0326994,2.11663,3.10884,0.0149827,-0.0046715,1.9784,2.96107,-0.074914,0.0140141,1.86609,2.7792
-0.0948908,-0.0046715,2.2635,3.26797,-0.154822,-0.023357,2.10799,3.0861,-0.0349599,0.0326994,1.9784,2.9497,0.0149826,-0.0046714,1.86609,2.76783
-0.0249714,-0.088756,2.25486,3.24524,-0.224742,-0.023357,2.09935,3.07474,0.0049942,-0.023357,1.96976,2.92697,-0.074914,0.0046713,1.85745,2.75646
0.0049942,-0.0700706,2.24622,3.23387,0.0149829,-0.0513852,2.08207,3.06337,-0.0449483,0.0046712,1.96112,2.90423,-0.0049943,-0.0420424,1.84017,2.74509
0.0649252,-0.0980988,2.22894,3.22251,0.0149829,-0.0607278,2.07343,3.05201,0.0549367,-0.0607278,1.95248,2.89287,-0.114868,-0.0420424,1.83153,2.73373
0.0948907,-0.0513851,2.21166,3.21114,0.0649254,-0.107441,2.06479,3.02927,0.0449483,-0.0046714,1.94384,2.8815,-0.0349599,-0.107442,1.81425,2.73373
0.154822,-0.107441,2.19438,3.19977,0.0749139,-0.0326995,2.05615,3.02927,0.0849023,-0.0607278,1.9352,2.87013,-0.0449484,-0.0700707,1.80561,2.72236
0.144833,-0.0420424,2.17711,3.18841,0.0449483,-0.107441,2.04752,3.0179,0.104879,-0.0140142,1.92656,2.85876,0.0349596,-0.0980988,1.79697,2.711
0.0349598,-0.116784,2.16847,3.17704,0.0249713,-0.0326995,2.03024,3.00654,0.104879,-0.0700706,1.92656,2.8474,0.0549365,-0.0513851,1.78834,2.69963
0.0549367,-0.107441,2.15983,3.16568,-0.0649253,-0.051385,2.03024,2.99517,0.104879,-0.0140142,1.91792,2.83603,0.0948907,-0.107441,1.7797,2.68826
-0.0149827,-0.107441,2.15119,3.16568,-0.0349598,-0.0140141,2.01296,2.99517,0.0149826,-0.0420423,1.90065,2.82467,0.0849023,-0.0326995,1.7797,2.66553
-0.0049942,-0.0326996,2.14255,3.14294,-0.0849024,-0.0140141,2.00432,2.9838,0.0249712,-0.0420423,1.88337,2.80193,0.0349598,-0.107441,1.77106,2.65417
-0.224742,-0.0420424,2.13391,3.13157,0.0049943,0.0326995,1.99568,2.9838,-0.0649254,-0.0326996,1.88337,2.80193,0.0249714,-0.0607278,1.76242,2.65417
-0.134845,0.0326994,2.12527,3.12021,-0.0849023,0.0233567,1.99568,2.97243,0.004994,-0.0046714,1.86609,2.79056,-0.0849022,-0.0513852,1.75378,2.6428
-0.204764,0.0326994,2.11663,3.10884,0.0149827,-0.0046715,1.9784,2.96107,-0.074914,0.0140141,1.86609,2.7792,-0.0249712,0.0326994,1.7365,2.63143
-0.154822,-0.023357,2.10799,3.0861,-0.0349599,0.0326994,1.9784,2.9497,0.0149826,-0.0046714,1.86609,2.76783,-0.124856,0.0233566,1.72786,2.62006
-0.224742,-0.023357,2.09935,3.07474,0.0049942,-0.023357,1.96976,2.92697,-0.074914,0.0046713,1.85745,2.75646,-0.054937,0.0326994,1.71922,2.62006
0.0149829,-0.0513852,2.08207,3.06337,-0.0449483,0.0046712,1.96112,2.90423,-0.0049943,-0.0420424,1.84017,2.74509,-0.134845,0.0420422,1.71922,2.6087
0.0149829,-0.0607278,2.07343,3.05201,0.0549367,-0.0607278,1.95248,2.89287,-0.114868,-0.0420424,1.83153,2.73373,-0.0449485,-0.0140142,1.71058,2.59733
0.0649254,-0.107441,2.06479,3.02927,0.0449483,-0.0046714,1.94384,2.8815,-0.0349599,-0.107442,1.81425,2.73373,-0.114868,-0.0420424,1.71058,2.58596
0.0749139,-0.0326995,2.05615,3.02927,0.0849023,-0.0607278,1.9352,2.87013,-0.0449484,-0.0700707,1.80561,2.72236,-0.0249714,-0.107442,1.70195,2.5746
0.0449483,-0.107441,2.04752,3.0179,0.104879,-0.0140142,1.92656,2.85876,0.0349596,-0.0980988,1.79697,2.711,-0.0449484,-0.023357,1.69331,2.55186
0.0249713,-0.0326995,2.03024,3.00654,0.104879,-0.0700706,1.92656,2.8474,0.0549365,-0.0513851,1.78834,2.69963,0.0349598,-0.0794134,1.68467,2.55186
-0.0649253,-0.051385,2.03024,2.99517,0.104879,-0.0140142,1.91792,2.83603,0.0948907,-0.107441,1.7797,2.68826,0.0549368,-0.0513851,1.67603,2.5405
-0.0349598,-0.0140141,2.01296,2.99517,0.0149826,-0.0420423,1.90065,2.82467,0.0849023,-0.0326995,1.7797,2.66553,0.0549368,-0.0794133,1.67603,2.5405
-0.0849024,-0.0140141,2.00432,2.9838,0.0249712,-0.0420423,1.88337,2.80193,0.0349598,-0.107441,1.77106,2.65417,0.0549368,-0.0326996,1.66739,2.52913
0.0049943,0.0326995,1.99568,2.9838,-0.0649254,-0.0326996,1.88337,2.80193,0.0249714,-0.0607278,1.76242,2.65417,0.0049943,-0.116784,1.66739,2.51776
-0.0849023,0.0233567,1.99568,2.97243,0.004994,-0.0046714,1.86609,2.79056,-0.0849022,-0.0513852,1.75378,2.6428,-0.0049942,-0.0420424,1.65875,2.50639
0.0149827,-0.0046715,1.9784,2.96107,-0.074914,0.0140141,1.86609,2.7792,-0.0249712,0.0326994,1.7365,2.63143,-0.0749136,-0.0233569,1.65875,2.50639
-0.0349599,0.0326994,1.9784,2.9497,0.0149826,-0.0046714,1.86609,2.76783,-0.124856,0.0233566,1.72786,2.62006,0.0249716,0.0326995,1.64147,2.49503
0.0049942,-0.023357,1.96976,2.92697,-0.074914,0.0046713,1.85745,2.75646,-0.054937,0.0326994,1.71922,2.62006,-0.0349595,0.0607278,1.64147,2.49503
-0.0449483,0.0046712,1.96112,2.90423,-0.0049943,-0.0420424,1.84017,2.74509,-0.134845,0.0420422,1.71922,2.6087,-0.0049941,0.0607278,1.63283,2.49503
0.0549367,-0.0607278,1.95248,2.89287,-0.114868,-0.0420424,1.83153,2.73373,-0.0449485,-0.0140142,1.71058,2.59733,-0.0449482,0.0420423,1.62419,2.48366
0.0449483,-0.0046714,1.94384,2.8815,-0.0349599,-0.107442,1.81425,2.73373,-0.114868,-0.0420424,1.71058,2.58596,0.0049943,-0.0420422,1.62419,2.46092
0.0849023,-0.0607278,1.9352,2.87013,-0.0449484,-0.0700707,1.80561,2.72236,-0.0249714,-0.107442,1.70195,2.5746,-0.0749139,-0.0794132,1.62419,2.44956
0.104879,-0.0140142,1.92656,2.85876,0.0349596,-0.0980988,1.79697,2.711,-0.0449484,-0.023357,1.69331,2.55186,0.0049941,-0.144812,1.61555,2.43819
0.104879,-0.0700706,1.92656,2.8474,0.0549365,-0.0513851,1.78834,2.69963,0.0349598,-0.0794134,1.68467,2.55186,0.0249712,-0.116784,1.59827,2.41546
0.104879,-0.0140142,1.91792,2.83603,0.0948907,-0.107441,1.7797,2.68826,0.0549368,-0.0513851,1.67603,2.5405,0.0649252,-0.172841,1.59827,2.40409
0.0149826,-0.0420423,1.90065,2.82467,0.0849023,-0.0326995,1.7797,2.66553,0.0549368,-0.0794133,1.67603,2.5405,0.0649252,-0.116784,1.58963,2.40409
0.0249712,-0.0420423,1.88337,2.80193,0.0349598,-0.107441,1.77106,2.65417,0.0549368,-0.0326996,1.66739,2.52913,0.0549368,-0.144812,1.58099,2.40409
-0.0649254,-0.0326996,1.88337,2.80193,0.0249714,-0.0607278,1.76242,2.65417,0.0049943,-0.116784,1.66739,2.51776,0.0349599,-0.163498,1.58099,2.39272
0.004994,-0.0046714,1.86609,2.79056,-0.0849022,-0.0513852,1.75378,2.6428,-0.0049942,-0.0420424,1.65875,2.50639,-0.0249712,-0.182183,1.58963,2.39272
-0.074914,0.0140141,1.86609,2.7792,-0.0249712,0.0326994,1.7365,2.63143,-0.0749136,-0.0233569,1.65875,2.50639,-0.0349597,-0.126127,1.57235,2.38136
0.0149826,-0.0046714,1.86609,2.76783,-0.124856,0.0233566,1.72786,2.62006,0.0249716,0.0326995,1.64147,2.49503,-0.0849022,-0.0980987,1.57235,2.35862
-0.074914,0.0046713,1.85745,2.75646,-0.054937,0.0326994,1.71922,2.62006,-0.0349595,0.0607278,1.64147,2.49503,-0.0449482,-0.0607277,1.57235,2.34725
-0.0049943,-0.0420424,1.84017,2.74509,-0.134845,0.0420422,1.71922,2.6087,-0.0049941,0.0607278,1.63283,2.49503,-0.114868,-0.0233568,1.56372,2.34725
-0.114868,-0.0420424,1.83153,2.73373,-0.0449485,-0.0140142,1.71058,2.59733,-0.0449482,0.0420423,1.62419,2.48366,-0.0349599,-0.0326996,1.54644,2.33589
-0.0349599,-0.107442,1.81425,2.73373,-0.114868,-0.0420424,1.71058,2.58596,0.0049943,-0.0420422,1.62419,2.46092,-0.124856,-0.0326996,1.54644,2.32452
-0.0449484,-0.0700707,1.80561,2.72236,-0.0249714,-0.107442,1.70195,2.5746,-0.0749139,-0.0794132,1.62419,2.44956,-0.074914,-0.0887559,1.52916,2.32452
0.0349596,-0.0980988,1.79697,2.711,-0.0449484,-0.023357,1.69331,2.55186,0.0049941,-0.144812,1.61555,2.43819,-0.0049943,-0.0887559,1.52052,2.31316
0.0549365,-0.0513851,1.78834,2.69963,0.0349598,-0.0794134,1.68467,2.55186,0.0249712,-0.116784,1.59827,2.41546,0.104879,-0.116784,1.51188,2.30179
0.0948907,-0.107441,1.7797,2.68826,0.0549368,-0.0513851,1.67603,2.5405,0.0649252,-0.172841,1.59827,2.40409,0.0948911,-0.0326996,1.50324,2.29042
0.0849023,-0.0326995,1.7797,2.66553,0.0549368,-0.0794133,1.67603,2.5405,0.0649252,-0.116784,1.58963,2.40409,0.174799,-0.0700706,1.4946,2.27906
0.0349598,-0.107441,1.77106,2.65417,0.0549368,-0.0326996,1.66739,2.52913,0.0549368,-0.144812,1.58099,2.40409,0.164811,-0.0140142,1.48596,2.26769
0.0249714,-0.0607278,1.76242,2.65417,0.0049943,-0.116784,1.66739,2.51776,0.0349599,-0.163498,1.58099,2.39272,0.0349598,-0.0700706,1.48596,2.25633
-0.0849022,-0.0513852,1.75378,2.6428,-0.0049942,-0.0420424,1.65875,2.50639,-0.0249712,-0.182183,1.58963,2.39272,-0.0049943,-0.0420424,1.47732,2.24496
-0.0249712,0.0326994,1.7365,2.63143,-0.0749136,-0.0233569,1.65875,2.50639,-0.0349597,-0.126127,1.57235,2.38136,-0.0749139,-0.0700705,1.47732,2.24496
-0.124856,0.0233566,1.72786,2.62006,0.0249716,0.0326995,1.64147,2.49503,-0.0849022,-0.0980987,1.57235,2.35862,-0.0449484,-0.0420423,1.47732,2.23359
-0.054937,0.0326994,1.71922,2.62006,-0.0349595,0.0607278,1.64147,2.49503,-0.0449482,-0.0607277,1.57235,2.34725,-0.0948909,-0.0326997,1.46868,2.22222
-0.134845,0.0420422,1.71922,2.6087,-0.0049941,0.0607278,1.63283,2.49503,-0.114868,-0.0233568,1.56372,2.34725,-0.0249712,0.0420421,1.46004,2.22222
-0.0449485,-0.0140142,1.71058,2.59733,-0.0449482,0.0420423,1.62419,2.48366,-0.0349599,-0.0326996,1.54644,2.33589,-0.0749137,0.0513849,1.46868,2.22222
-0.114868,-0.0420424,1.71058,2.58596,0.0049943,-0.0420422,1.62419,2.46092,-0.124856,-0.0326996,1.54644,2.32452,-0.0049941,0.0046712,1.46004,2.21086
-0.0249714,-0.107442,1.70195,2.5746,-0.0749139,-0.0794132,1.62419,2.44956,-0.074914,-0.0887559,1.52916,2.32452,-0.0749137,0.014014,1.45141,2.21086
-0.0449484,-0.023357,1.69331,2.55186,0.0049941,-0.144812,1.61555,2.43819,-0.0049943,-0.0887559,1.52052,2.31316,-0.0049941,-0.0607278,1.45141,2.19949
0.0349598,-0.0794134,1.68467,2.55186,0.0249712,-0.116784,1.59827,2.41546,0.104879,-0.116784,1.51188,2.30179,-0.0049941,-0.0700705,1.44277,2.18812
0.0549368,-0.0513851,1.67603,2.5405,0.0649252,-0.172841,1.59827,2.40409,0.0948911,-0.0326996,1.50324,2.29042,0.0649253,-0.116784,1.42549,2.16539
0.0549368,-0.0794133,1.67603,2.5405,0.0649252,-0.116784,1.58963,2.40409,0.174799,-0.0700706,1.4946,2.27906,0.0549368,0.0046715,1.42549,2.15402
0.0549368,-0.0326996,1.66739,2.52913,0.0549368,-0.144812,1.58099,2.40409,0.164811,-0.0140142,1.48596,2.26769,0.0149828,-0.0700704,1.42549,2.14266
0.0049943,-0.116784,1.66739,2.51776,0.0349599,-0.163498,1.58099,2.39272,0.0349598,-0.0700706,1.48596,2.25633,-0.0049943,-0.0046713,1.41685,2.14266
-0.0049942,-0.0420424,1.65875,2.50639,-0.0249712,-0.182183,1.58963,2.39272,-0.0049943,-0.0420424,1.47732,2.24496,-0.074914,-0.0607276,1.41685,2.13129
-0.0749136,-0.0233569,1.65875,2.50639,-0.0349597,-0.126127,1.57235,2.38136,-0.0749139,-0.0700705,1.47732,2.24496,-0.0948909,-0.0233568,1.39957,2.11992
0.0249716,0.0326995,1.64147,2.49503,-0.0849022,-0.0980987,1.57235,2.35862,-0.0449484,-0.0420423,1.47732,2.23359,-0.164811,-0.0794134,1.39093,2.11992
-0.0349595,0.0607278,1.64147,2.49503,-0.0449482,-0.0607277,1.57235,2.34725,-0.0948909,-0.0326997,1.46868,2.22222,-0.054937,-0.0046714,1.38229,2.11992
-0.0049941,0.0607278,1.63283,2.49503,-0.114868,-0.0233568,1.56372,2.34725,-0.0249712,0.0420421,1.46004,2.22222,-0.0948909,-0.0233569,1.38229,2.11992
-0.0449482,0.0420423,1.62419,2.48366,-0.0349599,-0.0326996,1.54644,2.33589,-0.0749137,0.0513849,1.46868,2.22222,-0.0149827,-0.0326997,1.37365,2.10855
0.0049943,-0.0420422,1.62419,2.46092,-0.124856,-0.0326996,1.54644,2.32452,-0.0049941,0.0046712,1.46004,2.21086,-0.0749138,-0.0140142,1.38229,2.11992
-0.0749139,-0.0794132,1.62419,2.44956,-0.074914,-0.0887559,1.52916,2.32452,-0.0749137,0.014014,1.45141,2.21086,-0.0049941,-0.0794132,1.38229,2.10855
0.0049941,-0.144812,1.61555,2.43819,-0.0049943,-0.0887559,1.52052,2.31316,-0.0049941,-0.0607278,1.45141,2.19949,-0.0849023,-0.0794132,1.38229,2.09719
0.0249712,-0.116784,1.59827,2.41546,0.104879,-0.116784,1.51188,2.30179,-0.0049941,-0.0700705,1.44277,2.18812,-0.0349598,-0.116784,1.37365,2.08582
0.0649252,-0.172841,1.59827,2.40409,0.0948911,-0.0326996,1.50324,2.29042,0.0649253,-0.116784,1.42549,2.16539,-0.0249714,-0.0607277,1.37365,2.07445
0.0649252,-0.116784,1.58963,2.40409,0.174799,-0.0700706,1.4946,2.27906,0.0549368,0.0046715,1.42549,2.15402,0.0649252,-0.0980986,1.35637,2.06308
0.0549368,-0.144812,1.58099,2.40409,0.164811,-0.0140142,1.48596,2.26769,0.0149828,-0.0700704,1.42549,2.14266,0.0749137,-0.0233568,1.34773,2.05172
0.0349599,-0.163498,1.58099,2.39272,0.0349598,-0.0700706,1.48596,2.25633,-0.0049943,-0.0046713,1.41685,2.14266,0.0849023,-0.0700706,1.33045,2.04035
-0.0249712,-0.182183,1.58963,2.39272,-0.0049943,-0.0420424,1.47732,2.24496,-0.074914,-0.0607276,1.41685,2.13129,0.0948908,-0.0140142,1.33045,2.02899
-0.0349597,-0.126127,1.57235,2.38136,-0.0749139,-0.0700705,1.47732,2.24496,-0.0948909,-0.0233568,1.39957,2.11992,0.0149828,-0.0607278,1.32181,2.04035
-0.0849022,-0.0980987,1.57235,2.35862,-0.0449484,-0.0420423,1.47732,2.23359,-0.164811,-0.0794134,1.39093,2.11992,-0.0149827,-0.0140142,1.32181,2.01762
-0.0449482,-0.0607277,1.57235,2.34725,-0.0948909,-0.0326997,1.46868,2.22222,-0.054937,-0.0046714,1.38229,2.11992,-0.0948909,-0.0140142,1.31318,2.01762
-0.114868,-0.0233568,1.56372,2.34725,-0.0249712,0.0420421,1.46004,2.22222,-0.0948909,-0.0233569,1.38229,2.11992,-0.0349598,0.0326995,1.32181,2.00625
-0.0349599,-0.0326996,1.54644,2.33589,-0.0749137,0.0513849,1.46868,2.22222,-0.0149827,-0.0326997,1.37365,2.10855,-0.134845,0.0607278,1.32181,1.99488
-0.124856,-0.0326996,1.54644,2.32452,-0.0049941,0.0046712,1.46004,2.21086,-0.0749138,-0.0140142,1.38229,2.11992,-0.0649254,0.051385,1.31318,1.97215
-0.074914,-0.0887559,1.52916,2.32452,-0.0749137,0.014014,1.45141,2.21086,-0.0049941,-0.0794132,1.38229,2.10855,-0.134845,0.0420423,1.31318,1.98352
-0.0049943,-0.0887559,1.52052,2.31316,-0.0049941,-0.0607278,1.45141,2.19949,-0.0849023,-0.0794132,1.38229,2.09719,-0.0449485,-0.0140141,1.31318,1.97215
0.104879,-0.116784,1.51188,2.30179,-0.0049941,-0.0700705,1.44277,2.18812,-0.0349598,-0.116784,1.37365,2.08582,-0.10488,-0.0233568,1.30454,1.96078
0.0948911,-0.0326996,1.50324,2.29042,0.0649253,-0.116784,1.42549,2.16539,-0.0249714,-0.0607277,1.37365,2.07445,0.004994,-0.0794133,1.28726,1.96078
0.174799,-0.0700706,1.4946,2.27906,0.0549368,0.0046715,1.42549,2.15402,0.0649252,-0.0980986,1.35637,2.06308,0.024971,-0.0326996,1.28726,1.96078
0.164811,-0.0140142,1.48596,2.26769,0.0149828,-0.0700704,1.42549,2.14266,0.0749137,-0.0233568,1.34773,2.05172,0.0948907,-0.0980988,1.27862,1.94941
0.0349598,-0.0700706,1.48596,2.25633,-0.0049943,-0.0046713,1.41685,2.14266,0.0849023,-0.0700706,1.33045,2.04035,0.0948907,-0.0607278,1.26998,1.93805
-0.0049943,-0.0420424,1.47732,2.24496,-0.074914,-0.0607276,1.41685,2.13129,0.0948908,-0.0140142,1.33045,2.02899,0.0749137,-0.116784,1.26134,1.93805
-0.0749139,-0.0700705,1.47732,2.24496,-0.0948909,-0.0233568,1.39957,2.11992,0.0149828,-0.0607278,1.32181,2.04035,0.0749137,-0.0607278,1.26134,1.92668
-0.0449484,-0.0420423,1.47732,2.23359,-0.164811,-0.0794134,1.39093,2.11992,-0.0149827,-0.0140142,1.32181,2.01762,-0.0049943,-0.0980986,1.2527,1.92668
-0.0948909,-0.0326997,1.46868,2.22222,-0.054937,-0.0046714,1.38229,2.11992,-0.0948909,-0.0140142,1.31318,2.01762,-0.0249714,-0.0326995,1.24406,1.91532
-0.0249712,0.0420421,1.46004,2.22222,-0.0948909,-0.0233569,1.38229,2.11992,-0.0349598,0.0326995,1.32181,2.00625,-0.114868,-0.0700704,1.24406,1.91532
-0.0749137,0.0513849,1.46868,2.22222,-0.0149827,-0.0326997,1.37365,2.10855,-0.134845,0.0607278,1.32181,1.99488,-0.0049944,-0.0233568,1.23542,1.90395
-0.0049941,0.0046712,1.46004,2.21086,-0.0749138,-0.0140142,1.38229,2.11992,-0.0649254,0.051385,1.31318,1.97215,-0.104879,-0.0607277,1.23542,1.90395
-0.0749137,0.014014,1.45141,2.21086,-0.0049941,-0.0794132,1.38229,2.10855,-0.134845,0.0420423,1.31318,1.98352,-0.03496,-0.0607277,1.22678,1.89258
-0.0049941,-0.0607278,1.45141,2.19949,-0.0849023,-0.0794132,1.38229,2.09719,-0.0449485,-0.0140141,1.31318,1.97215,-0.0649254,-0.0326995,1.23542,1.89258
-0.0049941,-0.0700705,1.44277,2.18812,-0.0349598,-0.116784,1.37365,2.08582,-0.10488,-0.0233568,1.30454,1.96078,0.0149828,-0.0233568,1.23542,1.88122
0.0649253,-0.116784,1.42549,2.16539,-0.0249714,-0.0607277,1.37365,2.07445,0.004994,-0.0794133,1.28726,1.96078,-0.0948908,-0.014014,1.23542,1.86985
0.0549368,0.0046715,1.42549,2.15402,0.0649252,-0.0980986,1.35637,2.06308,0.024971,-0.0326996,1.28726,1.96078,-0.0049942,-0.0420422,1.23542,1.86985
0.0149828,-0.0700704,1.42549,2.14266,0.0749137,-0.0233568,1.34773,2.05172,0.0948907,-0.0980988,1.27862,1.94941,-0.0149826,0.0140141,1.23542,1.84712
-0.0049943,-0.0046713,1.41685,2.14266,0.0849023,-0.0700706,1.33045,2.04035,0.0948907,-0.0607278,1.26998,1.93805,0.0349599,-0.0887561,1.22678,1.82438
-0.074914,-0.0607276,1.41685,2.13129,0.0948908,-0.0140142,1.33045,2.02899,0.0749137,-0.116784,1.26134,1.93805,0.0049943,-0.0513852,1.21814,1.81301
-0.0948909,-0.0233568,1.39957,2.11992,0.0149828,-0.0607278,1.32181,2.04035,0.0749137,-0.0607278,1.26134,1.92668,0.0349599,-0.0980988,1.21814,1.81301
