13.9,39
14.1,8
14.2,34
14.4,5
15,36
15.1,0
16.4,6
29.3,10
29.6,25
29.6,14
29.7,17
29.9,26
30.1,7
30.2,24
30.4,31
30.4,37
30.9,2
31,9
31.1,40
31.1,4
31.1,20
31.3,28
31.4,3
31.4,19
31.4,23
31.7,29
32,1
32.1,15
32.1,30
32.2,41
32.4,16
32.4,21
32.6,11
32.6,12
32.6,13
32.7,27
32.7,32
32.9,18
33.2,38
33.6,35
34,33
34.1,22
51,8
51.7,34
52.9,39
53.4,5
53.6,0
53.8,36
54.2,6
65.3,25
66.7,37
68.9,14
69.3,17
69.9,26
71.1,24
72.3,10
73.4,7
76.2,31
76.8,9
78,2
78.3,4
78.8,3
79.7,1
79.8,40
80.8,28
81.4,23
81.4,29
81.6,41
82.1,30
83,32
83,38
83.1,21
83.4,27
83.6,35
84.3,33
84.5,5
84.9,22
85.2,20
85.4,19
86,34
86,39
86.3,15
86.7,16
86.9,0
87.1,12
87.2,18
87.2,11
87.3,13
87.4,36
88.8,6
90,8
106.4,25
106.9,37
107.8,26
108.5,24
110.3,14
110.5,17
111.9,10
113.5,7
124.4,2
124.4,31
124.7,5
124.8,4
125.4,3
125.6,34
125.6,0
126.3,1
126.5,6
126.5,40
126.6,39
127.1,28
127.6,36
127.7,9
127.7,29
128.2,23
128.4,30
128.5,41
129.6,8
131.7,21
131.9,38
132,32
132.2,27
133.4,20
133.8,19
133.8,35
133.9,33
134.3,22
134.4,12
135,15
135.6,16
136.2,18
137.8,11
138,13
147.6,25
149.8,37
151.7,26
152.2,10
152.5,24
153.5,7
155.1,14
155.3,17
157.5,34
159.7,5
160.1,39
161.7,36
163.1,0
168.1,6
169.1,2
169.3,40
169.7,4
170.5,3
171.5,8
171.6,1
171.8,31
173.6,28
173.7,9
174.2,29
174.5,23
175.8,30
178,41
178.5,32
179.4,21
179.8,27
181.6,22
182.3,38
182.6,25
183.6,12
183.8,35
184.2,20
184.5,33
184.7,19
185.8,15
186,37
186.4,16
187.1,18
192.3,11
192.4,13
194.7,10
194.9,34
195.5,14
195.7,17
196,26
196.9,24
197.4,39
198.8,7
200.8,5
202.5,0
203.1,36
205.5,6
206.9,2
207.4,4
208.3,40
210,3
210.9,8
211.9,1
216.6,31
218.4,28
219.2,29
220.5,23
221.2,9
221.3,25
223.5,21
223.9,27
226.6,22
226.7,41
227.2,30
228.2,37
229.4,32
231.3,39
231.5,38
232,34
232.7,20
232.7,35
233.5,19
233.6,33
234.4,12
235.1,15
235.8,16
235.8,14
236,17
236.1,5
236.7,18
238.1,36
239.3,26
239.6,0
240.2,24
240.6,10
243.1,7
243.1,11
243.2,13
244.7,8
248.2,6
250,2
250.4,4
251.4,3
253.1,1
253.3,40
255.8,31
260.6,28
263.1,25
265.5,9
267.2,23
270.3,21
271,29
271.1,27
271.8,34
271.8,39
272.8,37
273.6,5
274,41
274.1,30
274.7,22
274.9,36
275.3,32
275.4,0
276.5,26
278.2,14
278.5,17
278.6,38
278.8,20
279,33
279.5,35
280.6,19
282.7,8
282.9,10
283.5,12
284.2,6
285,7
285.6,24
289.2,15
289.9,16
289.9,11
290,13
290.7,18
296.6,2
296.7,31
297,4
297.5,40
297.6,3
298.4,28
298.8,1
299.4,25
302.3,39
306.7,5
307,9
309.3,0
311,23
314.6,34
315.4,14
315.6,17
317.4,36
317.6,29
317.8,26
317.8,37
318.3,20
319,21
319.3,30
319.9,27
320.3,41
321.3,32
322.2,19
322.2,6
322.9,22
323.7,38
324.4,8
324.8,35
325.5,10
327,7
327.4,24
328.9,12
331.6,11
331.7,13
335.7,33
336,15
336.7,16
337.4,18
340.6,39
340.7,31
341.8,25
342,40
342.3,28
342.7,2
343.1,4
343.7,3
343.9,5
344.7,1
344.8,0
349.5,9
351.2,34
354.4,36
356.9,14
357.1,17
359.1,20
359.9,19
360.1,23
361,37
361.9,26
364.9,6
366.9,21
366.9,8
367.4,27
367.5,24
367.5,29
368.4,10
368.4,30
369.4,22
369.8,7
369.8,41
371,32
372.2,38
373,35
373.5,39
383.1,15
384.3,40
384.4,5
384.7,25
385.4,0
385.9,12
386.3,11
386.4,2
386.4,13
386.8,4
388.5,31
388.6,3
389.8,34
390.1,1
390.1,28
390.1,33
392.6,9
393.2,16
393.3,36
393.9,18
397.5,14
397.6,17
398.1,37
404.4,26
404.7,20
405.2,23
405.9,6
406.2,8
407.8,24
410.1,10
410.7,21
411.7,7
412.2,19
413.5,27
413.8,29
414.2,39
414.7,30
417,41
417.9,5
419.3,32
419.3,38
419.4,0
420.6,35
421.9,40
424.6,34
425.2,22
425.3,36
426.8,25
429.1,2
429.5,4
433.6,3
434.6,31
434.8,15
435.6,1
437.2,28
437.3,14
437.5,17
439.2,16
439.9,37
440.1,33
442,6
444.4,18
444.4,12
444.7,9
444.7,11
444.8,13
446.6,8
447.4,20
448.4,26
448.8,10
449,39
449.8,24
450.1,7
450.6,23
455,5
456.2,21
456.7,0
457.5,27
459,19
459.8,34
460.1,36
460.4,29
461.2,30
462.1,41
464.2,32
466.7,2
469,40
471,38
471.2,25
472,35
476.1,4
476.8,37
477.6,22
478.1,3
479.7,6
480.6,1
480.8,31
480.9,14
481.1,17
482.3,39
482.6,28
484.3,15
485.8,33
486.5,16
486.6,26
488.4,5
488.4,20
489.1,8
490.7,10
491,9
491.6,7
492.5,12
492.9,11
493.1,13
495.8,36
496.6,18
497.7,24
499,0
499.2,23
500.7,41
501.5,34
502.5,21
503.5,27
504.2,2
505.3,29
505.8,25
506,30
506.5,19
507.3,32
516.1,40
517.5,39
518.1,37
518.9,38
519.7,35
522.3,4
522.6,6
522.6,14
523.1,17
523.6,3
523.9,5
525.1,31
525.2,1
525.3,26
526.6,28
526.8,22
531.3,8
533.7,20
533.7,15
534.3,10
537.1,7
538.2,16
538.3,36
538.8,9
539.8,33
540.5,34
542.4,12
542.6,0
542.6,11
542.7,13
543.3,24
544.3,41
546.5,23
546.8,18
547.2,2
547.2,25
552.6,21
553.6,27
554.5,19
555.9,29
557.4,39
559,30
560.2,32
563.2,14
563.6,5
563.7,40
563.8,37
564.7,31
566,8
566.2,17
566.3,6
566.3,28
567.3,38
568,35
568.1,4
569.8,3
571.7,1
572,36
573.1,26
577.3,22
578.6,0
579.5,34
579.6,10
579.7,24
580.4,25
582.1,23
582.2,20
583.2,7
583.3,15
585,9
586.8,16
587.6,33
590.8,41
591.2,39
593.4,2
594.6,12
594.8,11
596.7,13
597.9,5
598.7,18
600,21
600.6,27
602.2,6
602.2,29
602.9,19
604.8,26
605.1,8
606.6,14
606.7,30
606.7,31
606.8,37
607.2,4
608.2,17
609,40
609.2,28
609.2,32
611.5,36
615.6,38
616.3,35
617,3
617.8,0
618.2,1
619.4,34
621.2,10
621.3,25
621.6,24
623.2,23
624.4,22
627.3,7
627.9,39
629,20
630.1,9
631.6,15
637.6,41
638.6,5
638.6,33
639.1,2
640,16
642,6
643.5,8
643.7,26
644.6,12
644.8,11
645.8,4
646.3,13
647.2,21
647.9,27
648,14
648.3,18
648.4,19
648.5,17
648.8,37
649.1,29
649.3,31
649.8,36
651.3,40
654.7,0
657.6,28
657.7,30
658.2,34
659.1,32
662.5,25
662.6,3
663.2,39
663.3,10
664.1,38
664.7,1
665.7,35
666.1,24
668.1,7
671.5,23
675.1,22
675.8,5
678.7,2
679,6
679.5,20
680.5,9
681.6,15
683,8
684.6,41
684.8,14
685.1,17
685.2,16
686.1,26
687.3,33
687.5,31
687.5,36
689.3,37
690.9,4
690.9,12
691,11
693.4,0
696.4,21
696.8,27
696.8,40
698.4,19
699,25
699.7,29
700.2,18
700.2,34
700.9,39
702.1,13
702.3,3
704.4,10
704.9,28
705,1
705.9,30
707,32
709.9,7
710.1,24
711.6,38
714.5,35
716.1,5
718,23
718.7,6
719.9,2
722.9,22
723,26
723.8,8
723.8,14
723.9,20
724,17
725.2,36
725.5,15
725.7,0
725.7,9
727.2,37
727.5,41
728.5,31
729,4
730.5,39
731.1,34
731.6,33
738.3,25
740.8,16
743.8,12
743.9,3
743.9,21
743.9,11
744.3,27
744.4,40
744.6,19
745,1
746,10
748.4,29
748.9,18
749.2,5
750.1,13
750.4,7
750.4,28
751.6,30
752.5,32
752.6,38
752.8,24
762.3,6
763.3,26
763.5,23
763.8,8
764.4,0
764.4,2
765.4,35
765.5,14
765.6,17
765.8,36
767.8,4
767.9,39
769.4,34
769.8,37
769.9,9
770.5,20
771.7,31
772,41
772.2,15
774.6,22
782.9,25
786.7,10
787.4,33
787.9,40
788.2,5
788.7,7
789.1,21
789.6,27
789.8,3
789.8,12
789.9,11
790.4,24
791.1,1
792.4,16
792.6,19
793.9,29
794.2,28
796.9,6
797.2,0
800.6,18
802,38
802.2,30
803,36
803.8,32
803.9,39
805.5,13
805.8,8
806.4,26
806.6,14
808.1,34
808.9,17
809.3,37
810.1,23
811.7,2
812.1,35
812.9,31
813,9
813.3,4
815.8,25
816.4,22
818.6,20
819.7,5
822.5,15
822.6,41
828,40
828.8,10
830.2,7
832.9,24
835,21
835.1,33
835.1,28
835.7,27
836.3,3
836.4,0
836.9,6
837.4,1
838.8,12
843,19
844.3,29
845.1,16
845.2,39
845.6,36
846.1,34
847,11
848.3,8
848.9,30
849.2,14
849.5,37
849.6,38
850.2,32
850.7,26
850.8,17
850.9,31
851.4,18
855.8,25
857.4,23
857.6,35
858.1,13
858.2,2
858.8,9
858.9,5
859.1,4
862.7,22
869.8,20
870.7,41
871.9,40
872.3,10
872.6,15
874.2,28
876.7,24
878,7
879.7,0
879.9,39
880.7,6
881.4,36
882.3,3
883.1,21
883.4,1
883.7,8
883.9,27
885.1,12
887.4,34
887.7,26
888.1,33
890.3,29
892.2,31
893.2,19
893.7,14
894.4,17
894.8,37
895,16
895.9,30
898.5,25
898.7,18
899.3,38
900.1,5
900.8,11
901.3,23
903.2,2
904.1,35
904.3,4
904.4,9
904.6,32
906.3,13
908.7,10
910.7,22
914,0
916.6,20
918.9,24
919.7,15
920.1,40
920.2,39
921,41
921.5,36
921.8,28
922.9,8
923.1,6
923.1,7
925.3,34
929,3
929.6,37
929.8,26
930.5,1
932.5,12
932.9,21
933.5,27
935.1,5
936.4,31
937,14
937.5,17
940.1,19
940.1,25
942.6,29
943.2,23
943.8,33
944.9,30
947.1,38
948,10
948.2,16
948.7,2
949,9
949.5,35
949.6,4
949.8,11
950.1,39
951.2,18
952.6,0
953.1,32
954.8,13
958.3,36
959,6
961.5,22
961.7,24
964.6,8
965.9,34
966.6,20
967.2,40
967.7,28
967.9,7
968.6,41
969.6,37
971,26
972.2,15
973.6,5
973.7,3
974.7,31
975.5,1
976.1,14
976.4,17
979.5,21
979.9,25
980,27
984.1,12
984.4,0
984.5,2
989.2,39
989.5,10
991.1,29
992.6,30
992.7,19
992.8,23
993.6,33
994.1,36
995.1,4
995.4,38
996.7,35
997,16
997.4,32
997.7,6
997.7,9
997.7,34
998.9,18
1000.4,24
1002,11
1002.4,8
1004.5,13
1007.2,5
1014.2,28
1014.5,40
1015.1,37
1015.4,31
1015.7,26
1016.1,20
1016.2,22
1016.6,41
1016.9,7
1018.6,3
1018.6,25
1018.6,14
1019,17
1020.2,1
1020.3,0
1021.3,21
1021.7,27
1021.9,39
1022.6,15
1023.5,2
1027.1,10
1034.9,36
1035.4,34
1037.1,29
1038.2,30
1039.6,23
1039.8,32
1039.9,33
1041.1,24
1041.2,12
1043.3,19
1043.7,8
1043.9,38
1044.9,9
1045.7,35
1047.3,16
1048.3,11
1048.9,18
1054.1,13
1057.9,37
1058.2,39
1058.5,40
1058.7,31
1059.3,28
1060.7,41
1060.8,26
1061.8,25
1064.5,7
1064.9,14
1065.2,17
1065.5,20
1067.1,22
1067.3,10
1068.1,21
1068.5,27
1070.7,15
1072.1,36
1076.9,34
1077.3,8
1077.5,24
1077.6,29
1077.7,19
1077.7,23
1077.7,30
1078,32
1078.1,38
1078.2,33
1078.2,9
1078.2,12
1078.4,35
1078.4,39
1078.7,16
1079.1,37
1079.1,18
1079.1,11
1079.8,13
1079.8,40
1080,31
1080.2,26
1080.3,25
1080.8,28
1081.7,41
1081.8,14
1082.1,17
1083,7
1083.5,10
1084,20
1086.9,36
1087.7,21
1088.4,27
1088.7,22
1091,15
1109,39
1110.1,24
1111.1,34
1111.2,8
1112.5,23
1112.6,25
1113,26
1113.3,37
1114.8,40
1117,19
1119.6,9
1120.6,29
1120.6,31
1121.3,30
1122.1,32
1122.1,14
1122.2,28
1122.6,17
1123,33
1125.3,38
1125.9,10
1126.3,35
1126.4,36
1127.6,41
1128.1,16
1128.2,12
1128.3,7
1128.4,18
1128.4,11
1128.5,13
1128.6,20
1129,21
1129.1,27
1129.3,22
1129.4,15
1129.8,39
1130.1,34
1130.3,8
1130.5,25
1130.6,24
1130.6,26
1131.1,37
1131.4,23
1131.9,40
1133.5,19
1134.3,14
1134.4,31
1134.7,9
1134.8,17
1135.7,29
1136.3,28
1136.6,30
1138.3,32
1140.4,33
1144.5,36
1156.2,10
1159.9,34
1161.1,38
1161.3,39
1161.6,8
1163.4,35
1163.5,41
1163.8,7
1164.5,25
1164.8,37
1165.9,26
1166,20
1166.8,24
1168.2,40
1168.4,21
1168.7,27
1169.6,23
1170,22
1175.3,16
1175.7,15
1175.9,12
1176,18
1176,11
1176.2,13
1176.2,14
1176.6,17
1177.2,19
1177.2,31
1177.5,9
1177.7,28
1177.7,29
1177.8,36
1177.8,30
1178.1,32
1178.4,33
1178.7,10
1178.9,34
1179.1,8
1179.1,39
1180,7
1180.1,25
1180.4,37
1180.6,26
1180.7,38
1180.8,41
1180.9,20
1181,24
1181.5,35
1181.7,40
1182.6,23
1182.9,21
1183.2,27
1184,22
1196.7,5
1197.1,0
1197.9,6
1206.9,36
1207.6,14
1208,39
1208.3,17
1209.1,34
1209.3,16
1209.4,8
1209.8,31
1209.9,15
1210.2,10
1210.7,12
1210.8,9
1210.9,11
1211.2,13
1211.8,19
1212,18
1212,28
1212.5,29
1213,7
1213.7,30
1219.9,25
1220.5,32
1221,26
1221.2,37
1221.8,24
1223.2,40
1223.9,41
1225,38
1225.6,23
1225.9,35
1227.1,21
1227.3,33
1227.4,27
1227.6,20
1227.8,22
1228.8,39
1228.9,36
1229.5,34
1229.6,8
1229.8,14
1230,17
1230.1,10
1230.5,31
1231.3,7
1231.3,9
1231.3,28
1231.5,29
1231.6,19
1231.7,16
1231.8,15
1232.2,30
1232.7,25
1232.8,18
1233.1,12
1233.2,11
1233.4,13
1233.7,26
1234.5,37
1234.8,24
1236.9,32
1238.3,40
1242.7,41
1258.9,23
1259.3,39
1259.7,38
1260.1,36
1260.3,34
1261.3,8
1261.8,35
1262.9,10
1264.9,14
1265,20
1265.2,17
1265.8,21
1266.8,27
1267.4,7
1268.1,25
1268.4,22
1269.2,26
1271.6,37
1273,31
1274,33
1274.9,28
1275.4,29
1276.4,19
1276.5,30
1277.3,15
1277.5,16
1277.6,9
1277.7,24
1277.8,18
1278.2,40
1278.3,32
1278.3,11
1278.3,12
1278.3,13
1278.8,41
1279.4,34
1279.4,39
1279.6,36
1279.7,8
1280.2,23
1280.3,10
1280.4,17
1280.4,14
1280.9,38
1281,25
1281.2,20
1281.3,26
1281.4,35
1281.5,7
1282.4,37
1282.5,21
1282.9,27
1284.3,22
1284.8,31
1291.1,33
1291.9,28
1296.6,5
1297.3,0
1298.2,6
1307.1,29
1308.9,34
1309.4,19
1309.6,30
1310,39
1310.2,8
1311.1,36
1311.4,9
1312.1,10
1312.1,15
1312.4,24
1312.9,14
1313,16
1313.1,17
1313.4,40
1314,18
1314,32
1316.9,25
1317.5,26
1318.3,23
1321.9,41
1323,21
1323.1,37
1323.6,27
1325,38
1325.9,35
1326.4,7
1326.4,11
1326.4,12
1326.4,13
1327.7,20
1328,31
1328.1,22
1328.7,28
1329.1,33
1329.4,39
1329.6,34
1329.7,8
1329.7,36
1330.4,10
1330.5,29
1330.8,24
1330.8,14
1330.9,17
1331,40
1331.2,19
1331.5,9
1331.6,30
1331.9,25
1332.2,15
1332.3,26
1332.8,16
1333.4,32
1333.8,18
1333.8,23
1337.1,41
1337.3,37
1340,21
1351,27
1359.8,7
1360.1,38
1360.2,39
1360.6,8
1361.1,36
1362,35
1362.4,11
1362.4,12
1362.5,10
1362.5,13
1362.8,34
1364.3,31
1365,20
1365.7,40
1366,28
1366.2,14
1371.1,29
1372.1,33
1372.6,30
1374.2,17
1374.8,24
1375.1,25
1375.5,26
1375.9,22
1376.4,19
1377.5,23
1377.5,15
1377.7,16
1377.8,9
1377.9,32
1377.9,18
1378.1,37
1378.2,21
1378.5,41
1379.3,27
1379.5,39
1379.6,8
1379.7,34
1379.8,36
1380.1,7
1380.1,10
1380.5,14
1380.8,31
1381,20
1381,38
1381.3,40
1381.6,28
1381.7,35
1382,11
1382,12
1382,13
1383.4,29
1385.3,30
1385.9,33
1388.8,17
1391.1,24
1391.3,25
1393.9,26
1396.4,5
1396.7,0
1397.4,6
1398.7,2
1399,4
1399.4,3
1400.1,1
1408.8,39
1409.4,8
1409.6,19
1409.7,34
1409.7,37
1409.9,36
1410.7,9
1411.8,10
1412.5,23
1412.6,15
1412.7,22
1413.1,14
1413.2,7
1413.4,16
1414.4,18
1416.3,21
1418,27
1420,41
1421.4,40
1423.2,31
1423.3,32
1424.5,38
1424.8,28
1426.1,29
1427.4,35
1427.8,20
1428,30
1428.2,11
1428.2,25
1428.2,12
1428.2,13
1428.4,17
1428.4,24
1428.5,26
1428.5,33
1429.3,39
1429.6,34
1429.6,36
1429.9,8
1430.4,37
1431.1,10
1431.6,14
1432.3,19
1432.6,9
1432.7,7
1432.7,23
1434.5,15
1435.5,16
1435.9,22
1436.7,21
1436.8,18
1437.9,40
1438,27
1438.7,41
1440.2,31
1457.4,32
1459.4,28
1460.7,34
1460.7,39
1460.9,38
1461.5,29
1461.9,36
1462.1,25
1462.2,17
1462.4,8
1463,26
1463.5,24
1464.4,10
1465,30
1466.3,20
1466.9,37
1468.5,12
1468.6,11
1468.6,13
1469.1,7
1469.9,35
1475.8,14
1476.5,23
1477.6,33
1477.7,19
1478,9
1478.1,15
1478.1,40
1478.3,16
1478.4,21
1478.4,31
1478.5,41
1478.5,18
1478.5,22
1478.6,27
1479.4,39
1479.6,34
1479.7,36
1479.9,8
1480.1,17
1480.1,25
1480.3,26
1480.3,28
1480.5,24
1480.5,32
1480.7,10
1481,29
1481,38
1481.3,37
1481.5,20
1481.7,30
1482.1,7
1483.7,11
1483.7,12
1483.8,13
1484.5,35
1493.8,14
1497.8,5
1498.2,0
1507.8,39
1509.7,23
1510,34
1510.3,8
1511.8,19
1511.9,9
1511.9,36
1512.4,31
1512.9,17
1512.9,25
1513,10
1513.9,15
1514.4,26
1514.6,16
1514.6,40
1515.6,33
1515.7,24
1515.9,28
1516.3,21
1518.6,41
1519.5,37
1521.3,18
1523.3,27
1524.3,22
1526.3,38
1526.8,29
1527,7
1527.5,32
1527.6,30
1527.7,20
1527.9,35
1528.1,11
1528.1,12
1528.1,13
1528.4,14
1529,39
1529.7,8
1529.8,34
1530.1,36
1530.7,25
1531.2,23
1531.3,10
1531.5,26
1531.6,17
1531.9,31
1532.5,40
1532.6,24
1533,19
1533.2,9
1534.8,28
1535.5,15
1535.6,37
1535.9,21
1536.5,16
1537.6,41
1538.5,33
1542,18
1546.2,27
1561.5,39
1561.8,8
1562,22
1562.2,7
1562.2,14
1563,36
1563.6,34
1564.1,10
1564.4,20
1565.4,11
1565.4,12
1565.5,13
1565.7,25
1565.8,17
1565.8,38
1565.9,29
1567,30
1567.4,26
1567.7,32
1568.9,24
1569.4,23
1570.8,35
1571.4,40
1572.6,31
1577.6,37
1578,19
1578,28
1578.3,41
1578.4,9
1578.4,15
1578.6,16
1578.6,21
1578.9,33
1579,18
1579.3,27
1579.6,39
1580,8
1580,34
1580,36
1580.2,14
1580.6,17
1580.7,7
1580.7,10
1581,25
1581.1,20
1581.4,26
1581.6,22
1581.9,29
1582,24
1582.4,30
1582.5,38
1583,23
1583.1,32
1583.1,40
1583.5,31
1583.8,12
1583.9,11
1584,13
1585.4,35
1597.1,5
1597.7,0
1598.3,6
1610.4,34
1610.8,39
1611.2,37
1611.4,8
1611.8,36
1612.9,19
1613.2,9
1613.2,14
1613.2,28
1613.3,10
1613.9,17
1614.6,15
1615,41
1615.4,16
1616,7
1620.1,40
1622.7,25
1623.3,26
1623.5,21
1624.1,24
1624.4,27
1625.1,33
1625.5,31
1625.8,23
1625.8,29
1626.2,18
1626.4,20
1627.3,22
1627.5,38
1627.7,30
1628,32
1628.2,35
1628.3,11
1628.3,12
1628.3,13
1629.7,34
1629.7,39
1629.9,8
1630.1,36
1630.5,37
1630.8,14
1630.9,10
1631,17
1631.7,28
1631.8,19
1632,7
1632.1,9
1632.9,41
1633.1,15
1634,16
1634.2,40
1635.7,25
1637.6,26
1640.2,24
1641.3,21
1657.3,31
1658.3,27
1659.3,29
1659.6,23
1659.7,34
1660.1,33
1660.1,39
1661.3,20
1661.6,8
1662.1,36
1663.7,10
1663.9,18
1664.5,14
1664.9,17
1665.9,37
1666.5,30
1666.5,38
1666.6,22
1668,11
1668,12
1668.1,13
1668.2,7
1669.3,35
1672.9,32
1677.5,28
1677.5,40
1677.6,41
1677.6,19
1677.6,25
1677.7,9
1677.9,26
1677.9,15
1678.1,16
1678.2,24
1678.7,21
1679.3,34
1679.3,39
1679.6,8
1679.6,31
1679.7,36
1680.2,23
1680.3,10
1680.3,14
1680.4,17
1680.4,27
1680.4,29
1680.6,20
1680.9,37
1681.3,7
1681.3,33
1682,30
1682.1,18
1682.6,38
1683.2,11
1683.2,12
1683.3,13
1683.7,22
1684.4,35
1687.2,32
1696.4,5
1696.7,0
1697.4,6
1698.7,2
1699,4
1699.4,3
1700.1,1
1709.8,34
1710.2,8
1710.2,25
1710.5,39
1711.4,9
1711.5,26
1711.5,36
1711.9,40
1712.1,10
1712.3,19
1712.6,24
1713.4,14
1713.7,17
1714,15
1714.3,41
1714.4,28
1714.7,16
1715.5,37
1715.6,7
1717.7,21
1718.1,23
1718.8,31
1720.8,27
1724.1,38
1725.5,29
1726.1,20
1727.3,30
1727.8,33
1728,18
1728.2,35
1728.3,22
1728.4,11
1728.4,12
1728.4,13
1728.5,32
1729.7,34
1730,39
1730.1,8
1730.4,36
1730.6,25
1731.1,26
1731.6,14
1731.7,17
1731.7,10
1731.7,24
1731.8,40
1732.7,37
1733,19
1733.4,7
1733.6,9
1733.6,41
1733.7,28
1735.4,15
1735.7,31
1735.9,23
1736.5,16
1736.8,21
1739.5,27
1757.4,38
1759.6,39
1760.7,36
1761.7,8
1762.5,20
1762.5,25
1762.5,34
1762.9,29
1764.1,10
1765.1,12
1765.2,11
1765.2,13
1766.1,14
1766.1,30
1766.4,17
1770,32
1770.8,33
1775.1,26
1775.7,35
1775.9,24
1775.9,37
1776,40
1777.1,22
1777.6,18
1777.9,19
1778,41
1778,23
1778,28
1778,31
1778.1,7
1778.3,21
1778.3,9
1778.4,15
1778.5,16
1778.5,27
1779.4,39
1779.6,36
1779.8,8
1779.8,25
1779.9,34
1780.5,10
1780.5,38
1780.8,14
1781,17
1781,20
1781.2,29
1782.4,30
1782.9,11
1782.9,12
1782.9,13
1784.4,32
1785.8,33
1791.5,26
1796.4,24
1797.8,5
1798.2,0
1806.9,37
1808.3,40
1809.6,39
1810.5,36
1810.8,35
1811.3,8
1812.1,7
1812.4,34
1812.5,41
1812.9,25
1813.1,23
1813.2,9
1813.2,10
1813.5,31
1813.7,19
1814.5,14
1814.7,28
1814.9,17
1816.2,22
1816.3,21
1817,27
1821.6,15
1821.7,18
1823.2,29
1823.7,38
1824.9,30
1826.4,16
1827.1,20
1828.1,11
1828.1,12
1828.1,13
1828.2,32
1828.3,26
1828.6,24
1828.6,33
1829.5,39
1829.8,37
1829.9,36
1830.1,8
1830.4,34
1830.5,40
1831.3,25
1831.8,10
1831.8,14
1832.1,17
1832.2,7
1832.2,31
1832.9,23
1833.1,41
1833.8,19
1833.8,28
1833.9,9
1833.9,35
1837.4,21
1838,27
1838.9,22
1841.3,15
1842.5,18
1852.7,29
1858.6,38
1859.4,30
1860.4,39
1860.5,34
1861.3,8
1861.3,36
1862.2,26
1863.5,37
1863.6,24
1865,10
1865.1,20
1866.1,16
1866.6,14
1867.1,40
1868.8,25
1872.9,17
1876,32
1876.5,31
1876.7,23
1877,33
1877.9,11
1877.9,12
1877.9,13
1877.9,28
1878,19
1878,7
1878.2,9
1878.2,41
1878.3,21
1878.5,27
1878.6,35
1878.8,22
1878.9,15
1879.1,18
1879.4,29
1879.4,34
1879.6,39
1879.7,8
1879.8,36
1880.1,26
1880.4,24
1880.5,10
1880.6,30
1880.7,37
1880.8,38
1881,14
1881.2,25
1881.4,20
1881.7,40
1882.4,16
1883.8,17
1897.1,5
1897.7,0
1898.3,6
1908.5,31
1909.4,34
1910,23
1910.1,32
1910.6,8
1911.1,7
1911.2,39
1911.3,19
1911.9,28
1912.2,9
1912.5,10
1913.1,26
1913.6,36
1913.6,11
1913.6,12
1913.6,13
1913.7,33
1914.5,29
1914.8,14
1915.2,24
1915.5,25
1915.8,21
1916.5,27
1918.3,41
1918.7,37
1920.6,40
1920.8,35
1922.3,38
1924.3,22
1927,15
1927.7,17
1927.7,18
1927.7,20
1927.8,30
1928.1,16
1929.6,39
1929.7,34
1930,8
1930.2,36
1930.3,31
1930.6,23
1930.6,26
1930.8,10
1930.9,7
1930.9,25
1931,14
1931.2,24
1931.5,19
1931.8,28
1931.9,9
1932.2,32
1932.7,29
1932.7,37
1933.3,21
1933.8,27
1934.5,33
1934.7,41
1934.8,40
1934.9,11
1934.9,12
1935,13
1938.4,35
1939.3,38
1958.9,22
1961.3,39
1961.8,17
1962.2,8
1962.4,36
1963.8,34
1964,10
1964.6,20
1965.3,25
1965.3,26
1965.3,15
1965.5,14
1966.8,24
1967.4,7
1967.9,23
1968.5,37
1969.6,30
1970,31
1972.7,16
1972.9,18
1973.1,28
1975,29
1975.3,19
1977.4,9
1977.6,40
1977.7,32
1977.9,41
1978.1,21
1978.2,27
1978.2,33
1978.3,11
1978.3,12
1978.3,13
1978.7,35
1978.7,38
1979.5,39
1979.7,8
1979.8,34
1979.8,36
1980,17
1980.3,10
1980.5,14
1980.6,25
1980.7,26
1980.8,22
1981,20
1981.2,24
1981.3,7
1981.6,37
1981.7,15
1982.2,23
1982.5,31
1983.6,30
1985.7,28
1986.4,16
1987.4,18
1996.4,5
1996.7,0
1997.4,6
1998.7,2
1999,4
1999.4,3
2000.1,1
2005.5,29
2007.4,19
2008.1,39
2008.9,34
2009.4,8
2010.1,9
2012.1,17
2012.2,10
2012.7,14
2014.3,36
2014.7,40
2018.6,41
2020.4,25
2020.8,26
2021.5,21
2021.6,24
2021.6,37
2022,27
2022.5,38
2023.1,32
2023.1,35
2023.7,23
2025.2,22
2026.6,33
2027.3,31
2027.8,20
2028.1,15
2028.1,30
2028.2,28
2028.7,16
2028.9,18
2029.1,39
2029.6,34
2030.8,29
2030.9,36
2031.3,17
2031.3,19
2031.3,14
2032.7,40
2035.7,25
2036.3,26
2036.9,41
2037.3,24
2037.6,37
2040,21
2040.7,27
2041.8,38
2042.9,23
2043.8,35
2045.9,32
2054.2,34
2054.2,39
2054.5,31
2054.7,22
2054.7,36
2054.8,20
2054.9,17
2054.9,14
2054.9,28
2055,33
2055,15
2055,30
2055.2,16
2055.3,18
2055.3,19
2055.4,29
2055.5,40
2055.8,25
2056,26
2056.2,37
2056.3,24
2056.7,41
2057.9,21
2058.2,23
2058.3,27
2059.4,38
2060,32
2060,35
2066.9,5
2067.3,0
2067.8,6
2069.2,2
2069.3,4
2069.6,3
2069.9,1
2083.9,34
2083.9,39
2084,36
2084.1,17
2084.1,14
2084.2,25
2084.2,31
2084.3,37
2084.3,40
2084.3,20
2084.3,24
2084.3,26
2084.3,28
2084.4,19
2084.4,15
2084.4,29
2084.4,30
2084.5,16
2084.6,41
2084.6,18
2084.6,22
2084.7,33
2084.8,23
2084.9,21
2085,27
2085.2,32
2085.2,38
2085.4,35
2104.1,39
2104.5,36
2105.3,25
2105.4,26
2105.4,37
2105.5,24
2105.5,34
2105.6,40
2105.7,17
2105.7,14
2106,41
2106,23
2106,31
2106.1,20
2106.2,19
2106.2,28
2106.3,21
2106.3,29
2106.4,38
2106.4,27
2106.4,15
2106.4,30
2106.5,16
2106.5,22
2106.6,18
2106.6,35
2106.8,32
2106.8,33
2119.8,5
2120.2,0
2120.9,6
2121.2,39
2122.2,2
2122.4,4
2122.8,3
2123.5,1
2134,36
2134.6,25
2134.7,26
2134.8,34
2134.8,24
2134.9,37
2135,23
2135,40
2135.1,41
2135.1,17
2135.1,14
2135.1,31
2135.2,21
2135.2,27
2135.2,28
2135.3,38
2135.3,19
2135.3,20
2135.3,22
2135.3,29
2135.4,35
2135.4,15
2135.4,30
2135.5,16
2135.5,32
2135.6,18
2135.6,33
2135.8,39
2145,5
2145.6,0
2146.8,6
2149.3,2
2149.7,4
2149.9,1
2150,3
2151.7,36
2154.1,34
2154.2,39
2154.6,37
2154.7,25
2154.8,17
2154.8,24
2154.8,26
2154.8,14
2154.9,40
2155.1,31
2155.3,41
2155.3,20
2155.3,23
2155.3,28
2155.4,19
2155.5,29
2155.6,21
2155.7,38
2155.7,27
2155.7,15
2155.7,30
2155.8,16
2155.9,32
2155.9,35
2156,18
2156,22
2156.2,33
2169.6,36
2172.8,39
2173,34
2173.4,25
2173.5,26
2173.6,24
2173.7,37
2173.8,5
2173.9,0
2173.9,17
2173.9,14
2174,40
2174,2
2174,31
2174.1,4
2174.1,6
2174.1,23
2174.2,3
2174.3,1
2174.3,28
2174.4,41
2174.4,20
2174.4,29
2174.5,19
2174.5,21
2174.6,27
2174.6,30
2174.8,15
2174.8,38
2174.9,16
2174.9,32
2175,35
2175,22
2175.2,18
2175.2,33
2183.2,36
2202.5,39
2202.7,25
2202.7,34
2202.8,24
2202.8,26
2203,37
2203.1,40
2203.1,17
2203.1,23
2203.1,14
2203.1,31
2203.3,21
2203.3,28
2203.4,41
2203.4,27
2203.4,29
2203.5,19
2203.5,20
2203.5,30
2203.6,22
2203.6,38
2203.7,15
2203.7,32
2203.7,35
2203.8,16
2203.9,33
2204,18
2204,36
2221,39
2221.2,34
2234.1,25
2234.5,26
2234.8,24
2235.1,36
2235.2,37
2235.3,40
2235.3,23
2235.3,14
2235.3,31
2235.4,17
2235.5,28
2235.6,41
2235.6,21
2235.6,27
2235.6,29
2235.7,19
2235.7,20
2235.7,30
2235.8,22
2235.8,32
2235.8,38
2235.9,16
2235.9,15
2235.9,33
2235.9,35
2236,18
2236.5,34
2236.7,39
2243.7,5
2244,0
2244.4,6
2245.4,2
2245.5,4
2245.8,3
2246.3,1
2255.1,36
2255.2,25
2255.4,39
2255.5,26
2255.6,37
2255.7,24
2255.7,34
2255.8,40
2255.9,17
2255.9,14
2256,31
2256.2,23
2256.3,41
2256.4,28
2256.5,20
2256.6,19
2256.6,29
2256.7,21
2256.8,38
2256.8,27
2256.8,30
2257,15
2257.1,32
2257.1,35
2257.2,16
2257.3,22
2257.4,33
2257.5,18
2273.3,39
2273.4,36
2273.7,25
2273.8,26
2273.8,34
2273.9,37
2274,24
2274.1,17
2274.1,14
2274.2,40
2274.3,5
2274.4,0
2274.4,23
2274.4,31
2274.5,6
2274.6,41
2274.7,20
2274.8,19
2274.8,28
2274.9,2
2274.9,4
2274.9,21
2274.9,29
2275,3
2275,27
2275.2,38
2275.2,1
2275.2,15
2275.2,30
2275.4,16
2275.5,32
2275.5,35
2275.6,22
2275.7,18
2276,33
2301.9,39
2302,34
2302,36
2302.2,25
2302.2,14
2302.3,37
2302.3,17
2302.3,24
2302.3,26
2302.4,31
2302.4,40
2302.6,19
2302.6,20
2302.6,23
2302.6,28
2302.7,29
2302.7,41
2302.8,21
2302.8,15
2302.8,30
2302.9,16
2302.9,27
2302.9,32
2302.9,38
2303,18
2303.1,22
2303.1,35
2303.2,33
2323.8,39
2324.9,5
2324.9,36
2325.8,0
2326.3,34
2326.4,6
2326.6,25
2326.9,26
2327,37
2327.1,14
2327.2,2
2327.2,17
2327.2,24
2327.9,40
2328.1,31
2328.8,20
2328.9,23
2329,19
2329.1,28
2329.6,29
2329.6,41
2329.9,15
2330.5,30
2330.6,16
2330.8,21
2331.5,32
2331.6,38
2332.1,18
2332.4,27
2332.7,35
2332.9,33
2334.6,22
2351.3,39
2351.5,36
2351.6,34
2351.8,17
2351.8,25
2351.8,14
2351.9,26
2351.9,37
2352,24
2352.2,40
2352.3,20
2352.3,31
2352.4,19
2352.4,23
2352.6,4
2352.6,28
2352.7,15
2352.7,41
2352.8,16
2352.8,29
2353,21
2353,30
2353.2,18
2353.2,32
2353.3,27
2353.3,38
2353.6,35
2353.7,33
2354.1,22
2372.1,0
2372.1,5
2372.2,3
2372.2,6
2372.4,1
2372.6,2
2373.3,34
2373.4,39
2373.8,36
2374.5,25
2374.7,26
2374.7,37
2374.9,24
2374.9,14
2375,17
2375,4
2375.2,31
2375.2,40
2375.6,23
2375.7,20
2375.8,28
2375.9,19
2376,29
2376,41
2376.2,15
2376.2,30
2376.4,16
2376.4,21
2376.5,32
2376.7,27
2376.8,38
2376.9,18
2377.1,33
2377.2,35
2377.5,22
2401.6,39
2401.9,34
2402,36
2402.4,25
2402.5,26
2402.6,24
2402.6,37
2402.7,17
2402.7,14
2402.8,31
2402.8,40
2402.9,23
2403,19
2403,20
2403,28
2403.1,29
2403.1,41
2403.2,21
2403.2,15
2403.2,30
2403.3,38
2403.3,16
2403.3,27
2403.4,32
2403.5,18
2403.5,35
2403.6,22
2403.6,33
2432.6,39
2433,34
2433.9,36
2434.4,25
2434.4,26
2434.4,37
2434.5,17
2434.5,24
2434.5,14
2434.5,31
2434.6,28
2434.6,40
2434.7,23
2434.7,29
2434.8,41
2434.8,19
2434.8,20
2434.8,30
2434.9,21
2435,27
2435,15
2435,32
2435,38
2435.1,16
2435.1,35
2435.2,33
2435.2,18
2435.3,22
2451.3,5
2451.4,0
2451.6,6
2451.8,39
2451.9,34
2451.9,2
2451.9,4
2452.2,3
2453.4,36
2454.2,25
2454.4,26
2454.4,37
2454.6,24
2454.9,14
2454.9,40
2455,17
2455,31
2455.6,23
2455.8,28
2456.2,20
2456.2,29
2456.3,19
2456.3,41
2456.7,30
2456.9,21
2457.1,15
2457.3,27
2457.4,16
2457.4,32
2457.7,38
2457.9,18
2458.3,33
2458.3,35
2458.5,22
2471.1,39
2471.2,34
2471.4,1
2471.6,36
2472.1,25
2472.3,26
2472.5,37
2472.6,24
2473,5
2473.2,40
2473.2,0
2473.2,14
2473.3,17
2473.5,6
2473.5,31
2474.2,2
2474.2,23
2474.4,4
2474.6,28
2474.7,3
2475,20
2475,29
2475.2,41
2475.3,19
2475.7,30
2476.5,21
2476.7,32
2476.8,15
2477.2,27
2477.5,16
2477.5,38
2478.1,33
2478.6,35
2478.7,18
2479.5,22
2502,39
2502.1,34
2502.3,36
2502.5,25
2502.6,24
2502.6,26
2502.7,37
2502.9,40
2502.9,17
2502.9,14
2502.9,31
2503,23
2503.2,28
2503.2,29
2503.3,19
2503.3,20
2503.3,41
2503.4,30
2503.5,21
2503.6,27
2503.6,15
2503.7,32
2503.8,16
2503.8,38
2504,33
2504.1,18
2504.1,35
2504.3,22
2523.5,39
2535,25
2535.2,34
2535.4,26
2535.7,36
2535.8,24
2537.4,37
2539.2,40
2539.4,23
2539.8,31
2540,14
2540.2,17
2541.2,28
2541.3,41
2541.5,29
2542.2,30
2543.6,32
2543.8,38
2544.5,21
2544.9,27
2544.9,35
2545.2,33
2545.6,20
2545.9,19
2546.6,22
2547.2,15
2547.8,16
2549.4,18
2551,39
2552.4,34
2552.4,36
2552.5,25
2552.6,26
2552.8,24
2553.2,37
2553.5,14
2553.6,17
2554,40
2554.3,23
2554.3,31
2555.3,28
2555.5,41
2555.6,29
2556.1,30
2556.7,32
2556.8,21
2557.2,27
2557.3,38
2557.4,33
2557.5,20
2558,35
2559.1,19
2566.3,22
2568.6,15
2571.5,5
2571.6,0
2571.7,6
2571.9,2
2571.9,4
2572,3
2572.1,1
2572.2,39
2572.2,16
2572.6,34
2572.7,36
2572.9,18
2572.9,25
2573,26
2573.1,24
2573.3,17
2573.3,14
2573.3,37
2573.5,31
2573.6,40
2573.7,23
2574,28
2574.3,29
2574.3,41
2574.7,20
2574.7,30
2574.8,21
2575,27
2575.1,32
2575.4,38
2575.5,19
2575.7,33
2576,35
2580.8,22
2599.4,15
2601.3,39
2601.7,34
2601.7,36
2601.9,37
2601.9,17
2601.9,25
2601.9,26
2601.9,14
2602,24
2602,40
2602.1,16
2602.1,31
2602.2,23
2602.2,28
2602.3,41
2602.3,18
2602.3,20
2602.3,29
2602.4,19
2602.5,21
2602.5,30
2602.6,27
2602.6,32
2602.6,38
2602.8,35
2602.9,33
2603.8,22
2622.4,39
2622.6,34
2622.6,36
2622.7,5
2622.9,0
2623.1,25
2623.2,6
2623.2,26
2623.3,15
2623.4,37
2623.4,24
2623.6,14
2623.7,40
2623.7,2
2623.7,17
2623.8,4
2623.8,31
2624,3
2624.1,23
2624.3,28
2624.4,1
2624.5,41
2624.6,20
2624.6,29
2624.7,19
2624.9,30
2625,21
2625.2,16
2625.2,27
2625.4,32
2625.4,38
2625.6,18
2625.8,35
2626.1,33
2627.4,22
2643.8,39
2644.5,34
2646.7,36
2649.3,25
2649.8,26
2650.3,37
2650.5,24
2650.6,14
2650.6,40
2650.7,17
2650.7,31
2650.8,23
2650.9,28
2650.9,41
2651,20
2651,29
2651.1,19
2651.1,21
2651.1,27
2651.1,15
2651.1,30
2651.2,38
2651.3,32
2651.4,16
2651.4,35
2651.5,18
2651.6,22
2651.6,33
2654.8,39
2657.8,34
2666,36
2671,5
2671,25
2671.1,0
2671.2,6
2671.2,26
2671.3,24
2671.4,2
2671.4,4
2671.5,37
2671.5,3
2671.6,1
2671.6,17
2671.6,14
2671.7,31
2671.7,39
2671.7,40
2671.8,23
2672,28
2672.1,20
2672.1,41
2672.2,19
2672.2,21
2672.2,29
2672.3,27
2672.4,30
2672.5,15
2672.5,38
2672.7,16
2672.7,32
2672.7,34
2672.7,35
2672.8,22
2672.9,18
2672.9,33
2676.6,36
2700.1,39
2702.5,25
2702.6,26
2702.6,34
2702.7,24
2702.9,37
2702.9,17
2702.9,14
2702.9,31
2703,40
2703.1,23
2703.1,28
2703.2,20
2703.2,29
2703.3,36
2703.3,41
2703.3,19
2703.3,21
2703.3,30
2703.4,27
2703.5,16
2703.5,15
2703.5,32
2703.5,38
2703.6,18
2703.6,22
2703.6,33
2703.6,35
2716.8,39
2732.7,34
2734.7,25
2734.9,26
2734.9,31
2735,24
2735,36
2735.2,28
2735.3,37
2735.3,17
2735.3,14
2735.3,29
2735.4,40
2735.4,23
2735.4,30
2735.5,32
2735.5,20
2735.5,21
2735.6,19
2735.6,27
2735.6,33
2735.6,41
2735.7,22
2735.7,15
2735.8,16
2735.8,38
2735.9,18
2735.9,35
2736.4,39
2743.6,5
2743.9,0
2744.4,6
2745.4,2
2745.6,4
2746,3
2746.6,1
2747.6,34
2755,36
2755.2,39
2755.4,25
2755.5,26
2755.5,37
2755.7,24
2755.8,40
2755.9,17
2755.9,14
2756,31
2756.3,23
2756.6,28
2756.7,41
2756.8,20
2756.8,29
2757,19
2757,21
2757.1,30
2757.2,27
2757.5,15
2757.5,32
2757.6,38
2757.8,16
2757.9,22
2758,35
2758.1,33
2758.2,18
2765.2,34
2773.3,39
2773.4,36
2773.6,25
2773.7,26
2773.8,24
2773.8,37
2774.1,40
2774.2,17
2774.2,5
2774.2,14
2774.3,0
2774.3,23
2774.3,31
2774.5,6
2774.7,41
2774.8,28
2774.9,2
2774.9,21
2775,4
2775,20
2775,29
2775.1,3
2775.1,19
2775.1,27
2775.2,30
2775.3,38
2775.5,1
2775.6,32
2775.6,35
2775.7,22
2775.7,15
2775.8,34
2775.9,16
2776.1,33
2776.3,18
2802.2,39
2802.3,25
2802.3,36
2802.4,34
2802.4,24
2802.4,26
2802.5,37
2802.5,17
2802.5,14
2802.6,31
2802.7,23
2802.7,40
2802.8,20
2802.8,28
2802.8,29
2802.9,41
2802.9,19
2802.9,21
2803,27
2803,30
2803.1,15
2803.1,32
2803.2,38
2803.2,16
2803.2,22
2803.3,18
2803.3,33
2803.3,35
2822.4,5
2822.5,39
2822.7,0
2823.2,6
2825.2,36
2825.4,2
2825.4,4
2825.7,3
2825.9,1
2828.6,34
2829.7,25
2830.1,14
2830.2,17
2830.2,26
2830.7,24
2831.6,31
2832.5,20
2832.6,37
2833.6,23
2833.8,40
2834,28
2834.5,29
2834.8,19
2835.4,41
2835.5,30
2837.5,21
2837.9,38
2838,27
2838.8,35
2839.4,32
2840.4,22
2841.2,33
2841.4,15
2842.1,16
2843.5,18
2851,39
2851.3,36
2851.7,34
2851.9,25
2851.9,14
2852,17
2852,26
2852.1,24
2852.5,37
2852.6,20
2852.6,31
2852.9,40
2853,23
2853.1,19
2853.2,28
2853.4,29
2853.7,30
2853.7,41
2854.2,21
2854.5,27
2855.2,38
2855.4,32
2855.6,15
2855.8,35
2856.3,16
2856.6,22
2857,33
2857.5,18
2872.2,5
2872.3,0
2872.3,2
2872.4,4
2872.5,3
2872.5,6
2872.6,1
2873,39
2873.1,34
2873.4,36
2873.8,25
2873.9,26
2874.1,24
2874.2,17
2874.2,14
2874.2,31
2874.3,37
2874.5,40
2874.6,23
2874.6,28
2874.7,20
2874.8,29
2874.9,19
2875.1,30
2875.1,41
2875.3,21
2875.6,27
2875.8,32
2875.8,38
2875.9,15
2876.1,35
2876.3,16
2876.7,33
2876.7,22
2877.3,18
2901.7,39
2901.8,34
2901.8,36
2902,17
2902,25
2902,26
2902,14
2902.1,24
2902.1,37
2902.2,31
2902.2,40
2902.3,19
2902.3,20
2902.3,23
2902.3,28
2902.4,29
2902.5,41
2902.5,21
2902.5,30
2902.6,27
2902.6,15
2902.7,16
2902.7,32
2902.8,38
2902.9,35
2903,33
2903,18
2903,22
2922.4,39
2922.6,34
2922.7,36
2922.8,5
2923,0
2923.1,25
2923.3,6
2923.3,26
2923.5,24
2923.5,37
2923.8,2
2923.8,40
2923.9,4
2923.9,31
2924,3
2924,17
2924,14
2924.2,23
2924.3,1
2924.5,28
2924.7,29
2924.7,41
2924.8,20
2924.9,19
2924.9,21
2925,30
2925.2,27
2925.5,15
2925.5,32
2925.6,38
2925.8,16
2926,35
2926.1,22
2926.2,33
2926.3,18
2947.4,39
2949.4,34
2949.4,36
2950.8,37
2950.9,40
2950.9,17
2950.9,25
2950.9,26
2950.9,14
2950.9,31
2951,24
2951.1,28
2951.2,23
2951.2,29
2951.3,41
2951.3,20
2951.3,30
2951.4,19
2951.5,21
2951.6,27
2951.6,32
2951.7,15
2951.7,38
2951.8,16
2951.9,22
2951.9,33
2951.9,35
2952,18
2965.3,39
2971.3,34
2971.4,0
2971.4,5
2971.5,36
2971.6,6
2971.8,2
2971.8,4
2971.8,25
2971.9,3
2971.9,26
2972,1
2972,24
2972.1,37
2972.3,40
2972.4,17
2972.4,14
2972.5,31
2972.6,23
2972.9,28
2972.9,41
2973,20
2973,21
2973,29
2973.1,19
2973.1,27
2973.1,30
2973.3,38
2973.4,15
2973.4,32
2973.5,35
2973.5,16
2973.5,22
2973.7,18
2973.7,33
2975.3,39
3001.6,34
3001.8,36
3001.9,25
3002,24
3002,26
3002.1,37
3002.1,39
3002.1,17
3002.1,14
3002.1,31
3002.2,40
3002.3,23
3002.3,28
3002.4,41
3002.4,19
3002.4,20
3002.4,29
3002.4,30
3002.5,21
3002.5,27
3002.6,16
3002.6,15
3002.6,32
3002.6,38
3002.7,18
3002.7,22
3002.7,33
3002.7,35
3003.9,5
3004,0
3004.2,6
3004.7,2
3004.9,4
3005.2,3
3005.9,1
3022.8,39
3023.1,36
3024.2,37
3024.3,34
3024.4,25
3024.6,26
3024.8,24
3024.8,40
3025.1,14
3025.2,17
3025.6,31
3025.8,23
3026.2,41
3026.4,20
3026.4,28
3026.5,19
3026.7,21
3026.7,29
3026.9,27
3027,30
3027.3,15
3027.5,16
3027.5,38
3027.6,32
3028,18
3028,35
3028.3,33
3028.8,22
3050.9,34
3051,39
3051.1,36
3051.2,17
3051.2,14
3051.3,25
3051.4,26
3051.4,37
3051.5,40
3051.5,24
3051.5,31
3051.7,19
3051.7,20
3051.7,23
3051.7,28
3051.8,29
3051.8,41
3051.9,21
3051.9,27
3051.9,15
3051.9,30
3052,16
3052,32
3052,38
3052.1,18
3052.2,22
3052.2,33
3052.2,35
3052.9,8
3067.5,39
3067.8,5
3068.2,0
3069.8,36
3070,34
3070.4,25
3070.5,26
3070.6,37
3070.7,24
3070.8,40
3070.8,17
3070.8,14
3071,31
3071.1,23
3071.2,41
3071.3,19
3071.3,20
3071.3,28
3071.4,29
3071.5,21
3071.5,27
3071.6,38
3071.6,15
3071.6,30
3071.8,16
3071.8,32
3071.8,35
3071.9,22
3072,18
3072.1,33
3084.3,39
3095.4,36
3096.5,34
3097.7,25
3098.4,26
3099.3,24
3099.8,37
3100,14
3100.2,17
3100.2,31
3101,40
3101.1,23
3101.1,28
3101.2,19
3101.2,20
3101.2,29
3101.3,41
3101.3,21
3101.3,30
3101.4,32
3101.4,27
3101.4,15
3101.5,16
3101.5,38
3101.6,18
3101.6,22
3101.6,33
3101.6,35
3101.9,39
3102.2,6
3102.3,2
3102.3,4
3102.4,1
3102.4,3
3102.5,5
3102.6,0
3102.6,8
3102.6,10
3102.7,7
3102.8,9
3102.8,36
3103.2,11
3103.2,12
3103.2,13
3103.6,34
3106.2,25
3107.7,26
3110,24
3111.4,14
3111.4,37
3112.1,17
3112.9,31
3121,39
3121.3,40
3121.5,23
3121.6,20
3121.6,28
3121.7,19
3121.7,36
3121.8,29
3121.8,41
3121.9,21
3122,15
3122,30
3122.1,27
3122.1,34
3122.2,16
3122.3,32
3122.3,38
3122.4,18
3122.5,22
3122.5,35
3122.6,33
3124.5,25
3126.5,26
3131.9,14
3132.3,24
3132.6,17
3133,37
3137,31
3148,39
3149.4,36
3150.8,34
3150.8,40
3151,20
3151,25
3151,41
3151.1,19
3151.1,23
3151.2,35
3151.2,38
3151.2,16
3151.2,21
3151.2,26
3151.2,27
3151.2,15
3151.2,28
3151.2,29
3151.3,18
3151.3,22
3151.3,30
3151.4,32
3151.5,33
3151.6,14
3151.6,37
3151.7,17
3151.7,24
3152.1,8
3152.2,5
3152.2,31
3152.3,0
3152.4,6
3152.4,10
3152.6,2
3152.6,7
3152.7,4
3152.8,3
3152.9,9
3153.1,1
3156.4,39
3159.5,36
3161.2,12
3161.3,11
3161.3,13
3170.6,34
3170.9,25
3171.2,26
3171.5,40
3171.7,23
3171.7,24
3171.8,37
3171.8,14
3171.8,28
3171.9,41
3171.9,17
3171.9,20
3171.9,29
3172,19
3172.1,21
3172.2,27
3172.2,30
3172.2,31
3172.3,15
3172.4,16
3172.4,32
3172.4,38
3172.5,35
3172.6,18
3172.6,22
3172.8,33
3173.5,39
3174.2,36
3189.7,34
3200.1,25
3201,26
3201.3,24
3201.5,37
3201.5,39
3201.5,17
3201.5,23
3201.5,14
3201.6,36
3201.6,40
3201.6,20
3201.6,21
3201.6,28
3201.6,29
3201.6,31
3201.7,41
3201.7,19
3201.7,27
3201.7,15
3201.7,30
3201.8,32
3201.8,38
3201.8,16
3201.8,18
3201.8,22
3201.9,33
3201.9,35
3202.3,34
3202.3,0
3202.3,5
3202.4,6
3202.6,2
3202.6,4
3202.7,3
3202.8,1
3202.8,8
3203.2,10
3203.5,7
3209.1,9
3211.6,25
3214.3,12
3214.4,11
3214.4,13
3214.6,39
3220.9,36
3221.3,26
3221.4,37
3221.5,24
3221.5,14
3221.6,17
3221.7,34
3221.8,40
3222,31
3222.1,23
3222.2,20
3222.3,41
3222.3,19
3222.3,28
3222.4,29
3222.5,21
3222.6,27
3222.6,15
3222.6,30
3222.7,16
3222.7,38
3222.8,32
3222.9,18
3223,22
3223,35
3223.2,33
3228.9,39
3231.6,25
3251,36
3251.3,34
3251.3,37
3251.4,40
3251.4,24
3251.4,26
3251.5,39
3251.5,41
3251.5,17
3251.5,14
3251.5,31
3251.6,38
3251.6,19
3251.6,20
3251.6,21
3251.6,23
3251.6,28
3251.6,29
3251.6,30
3251.7,32
3251.7,35
3251.7,16
3251.7,27
3251.7,15
3251.8,33
3251.8,18
3251.8,22
3251.8,25
3252.4,5
3252.5,0
3252.6,6
3252.6,8
3252.8,2
3252.9,4
3252.9,10
3253.1,3
3253.3,7
3253.5,1
3261.2,9
3263.2,36
3263.7,39
3264,34
3264.7,11
3264.7,12
3264.8,13
3271.4,26
3271.5,24
3271.6,37
3271.6,17
3271.6,25
3271.6,14
3271.8,31
3271.8,40
3272,23
3272.1,20
3272.1,28
3272.2,41
3272.2,19
3272.2,29
3272.3,21
3272.4,30
3272.5,27
3272.5,15
3272.6,16
3272.6,32
3272.6,38
3272.8,22
3272.8,35
3272.9,18
3273,33
3274.9,39
3275,34
3275.1,36
3301.4,25
3301.4,26
3301.5,37
3301.5,17
3301.5,24
3301.5,14
3301.6,39
3301.6,40
3301.6,23
3301.6,31
3301.7,34
3301.7,36
3301.7,19
3301.7,20
3301.7,28
3301.8,41
3301.8,16
3301.8,21
3301.8,27
3301.8,15
3301.8,29
3301.8,30
3301.9,18
3301.9,22
3301.9,32
3301.9,35
3301.9,38
3302,33
3302.3,0
3302.3,5
3302.4,6
3302.6,2
3302.6,4
3302.6,8
3302.7,3
3302.8,1
3302.8,10
3303,7
3306.7,9
3308.8,12
3308.8,13
3308.9,11
3320.1,39
3320.6,36
3320.7,34
3320.8,37
3320.9,17
3320.9,25
3320.9,26
3320.9,14
3321,24
3321,40
3321.2,20
3321.2,31
3321.3,41
3321.3,19
3321.3,23
3321.4,28
3321.5,15
3321.5,29
3321.6,16
3321.6,30
3321.7,38
3321.7,21
3321.7,27
3321.8,18
3321.8,35
3321.9,32
3322,22
3322.1,33
3338.3,39
3338.4,36
3338.5,17
3338.5,14
3338.6,34
3338.6,37
3338.7,40
3338.7,24
3338.7,25
3338.7,26
3338.8,19
3338.8,20
3338.9,41
3338.9,23
3338.9,31
3339,16
3339,15
3339.1,38
3339.1,18
3339.1,21
3339.1,28
3339.1,29
3339.2,27
3339.2,30
3339.2,35
3339.4,22
3339.4,32
3339.5,33
3341.5,8
3342.1,5
3342.3,0
3342.4,10
3342.7,6
3343.1,7
3343.6,2
3343.7,4
3344,3
3344.6,1
3345.4,9
3348.2,12
3348.2,13
3348.3,11
3357,39
3357.2,34
3357.3,36
3357.5,25
3357.6,26
3357.7,24
3357.8,17
3357.8,14
3357.9,37
3358,31
3358.1,40
3358.3,23
3358.4,19
3358.4,20
3358.4,28
3358.5,29
3358.5,41
3358.6,21
3358.7,27
3358.7,15
3358.7,30
3358.8,16
3358.9,32
3358.9,38
3359,18
3359.1,22
3359.1,35
3359.3,33
3375.9,34
3375.9,39
3376.5,36
3377.9,25
3378.2,26
3378.6,14
3378.7,37
3378.7,17
3378.7,24
3379.2,31
3380.5,23
3380.5,40
3381.1,20
3381.4,19
3381.8,28
3381.9,21
3382.3,27
3382.7,15
3383.1,41
3383.2,16
3383.2,29
3383.8,22
3383.9,18
3383.9,30
3384,38
3384.1,32
3384.1,35
3384.3,33
3384.7,5
3384.7,8
3384.8,0
3384.9,6
3384.9,10
3385,2
3385.1,3
3385.1,4
3385.1,7
3385.2,1
3385.4,9
3385.5,39
3385.6,34
3385.8,36
3385.8,11
3385.8,12
3385.8,13
3386.3,25
3386.5,26
3386.5,14
3386.6,17
3386.6,37
3386.8,24
3387.2,31
3390.5,23
3390.6,40
3392.2,20
3393.2,19
3395.1,21
3395.3,28
3396.8,27
3404.4,41
3404.6,39
3404.7,15
3404.7,29
3404.9,34
3405,36
3405.2,16
3405.3,30
3405.5,38
3405.6,22
3405.6,32
3405.6,35
3405.7,18
3405.8,25
3405.9,26
3405.9,33
3405.9,37
3406,17
3406,14
3406.1,24
3406.2,31
3407.4,40
3407.7,23
3408.8,20
3409.3,19
3409.4,28
3410.3,21
3411.2,27
3431.2,39
3433.3,34
3434.2,36
3434.5,29
3434.5,31
3434.5,37
3434.6,41
3434.6,17
3434.6,25
3434.6,26
3434.6,14
3434.6,30
3434.7,24
3434.7,15
3434.7,32
3434.7,40
3434.8,16
3434.8,33
3434.8,35
3434.8,38
3434.9,18
3434.9,20
3434.9,22
3434.9,23
3434.9,28
3435,19
3435.3,21
3435.4,5
3435.4,27
3435.5,0
3435.6,6
3435.8,2
3435.8,4
3435.9,3
3436.1,1
3436.5,8
3440.2,39
3445.3,34
3449.7,10
3450.6,7
3451.6,9
3452.8,25
3452.9,26
3453.2,24
3453.2,36
3453.8,37
3453.9,17
3453.9,23
3453.9,14
3454,31
3454,40
3454.2,29
3454.2,41
3454.3,20
3454.3,21
3454.3,28
3454.3,30
3454.4,19
3454.4,22
3454.4,27
3454.4,15
3454.5,16
3454.5,32
3454.5,35
3454.5,38
3454.7,18
3454.7,33
3454.9,39
3456,34
3471.4,25
3471.5,26
3471.5,36
3471.7,24
3471.7,39
3471.8,34
3471.8,17
3471.8,14
3471.9,37
3472,31
3472,40
3472.1,23
3472.2,19
3472.2,20
3472.2,28
3472.2,29
3472.3,41
3472.4,21
3472.4,15
3472.4,30
3472.5,16
3472.5,27
3472.6,32
3472.6,38
3472.7,18
3472.7,22
3472.8,33
3472.8,35
3473.7,11
3473.7,12
3473.7,13
3474,8
3475.5,5
3475.8,0
3476.3,6
3477.2,2
3477.4,4
3477.7,3
3478.3,1
3479.5,10
3480.2,7
3481.2,9
3490.8,39
3490.9,36
3491.4,34
3491.7,25
3491.7,37
3491.9,17
3491.9,26
3491.9,14
3492,24
3492,40
3492.2,31
3492.5,20
3492.5,41
3492.6,19
3492.6,23
3492.6,28
3492.7,29
3492.9,15
3493,21
3493,30
3493.1,38
3493.1,16
3493.2,27
3493.3,32
3493.4,35
3493.5,18
3493.8,33
3493.9,22
3517.5,34
3517.5,36
3517.5,39
3517.6,25
3517.6,26
3517.7,24
3517.8,37
3517.8,17
3517.8,14
3517.8,31
3517.9,23
3517.9,40
3518,41
3518,19
3518,20
3518,21
3518,28
3518,29
3518.1,27
3518.1,30
3518.2,16
3518.2,22
3518.2,15
3518.2,32
3518.2,38
3518.3,18
3518.3,33
3518.3,35
3518.6,8
3518.7,0
3518.7,5
3518.8,6
3519,10
3519.1,2
3519.1,4
3519.2,3
3519.3,7
3519.5,1
3519.5,9
3519.5,11
3519.5,12
3519.5,13
3529.9,34
3529.9,39
3530.9,36
3537.5,25
3537.6,26
3537.9,24
3538.1,37
3538.4,23
3538.4,14
3538.4,40
3538.5,17
3538.7,31
3538.9,21
3538.9,41
3539,20
3539,28
3539.1,19
3539.1,27
3539.1,29
3539.3,30
3539.5,38
3539.5,22
3539.5,15
3539.6,16
3539.6,32
3539.7,18
3539.7,35
3539.8,33
3541.2,34
3541.5,39
3542,36
3567.3,25
3567.5,26
3567.6,17
3567.6,24
3567.6,14
3567.7,37
3567.8,23
3567.8,39
3567.8,40
3567.9,34
3567.9,36
3567.9,19
3567.9,20
3567.9,31
3568,21
3568,41
3568.1,27
3568.1,15
3568.1,28
3568.2,38
3568.2,16
3568.2,29
3568.2,30
3568.3,18
3568.3,22
3568.3,32
3568.3,35
3568.5,33
3569.2,5
3569.3,0
3586.2,34
3586.3,39
3586.4,14
3586.4,36
3586.5,17
3586.5,25
3586.5,26
3586.6,24
3586.7,31
3586.7,37
3586.9,40
3587,19
3587,20
3587,23
3587.1,28
3587.2,29
3587.2,41
3587.3,30
3587.4,21
3587.4,15
3587.5,16
3587.5,27
3587.6,32
3587.6,38
3587.7,18
3587.8,35
3587.9,22
3588,33
3604.8,34
3604.8,39
3605,36
3605.2,25
3605.3,26
3605.4,24
3605.5,37
3605.6,14
3605.6,31
3605.7,17
3605.7,40
3605.8,23
3605.9,41
3605.9,28
3605.9,29
3606,19
3606,20
3606,21
3606,30
3606.1,27
3606.2,15
3606.2,32
3606.2,38
3606.3,35
3606.3,16
3606.3,22
3606.4,18
3606.4,33
3607.2,8
3607.3,6
3607.6,2
3607.6,4
3607.6,10
3607.8,3
3607.9,5
3608,0
3608,1
3608,7
3608.4,9
3609.2,11
3609.2,12
3609.2,13
3618.3,39
3627.1,34
3627.5,36
3627.8,25
3627.9,26
3628.2,24
3628.3,14
3628.5,17
3628.8,31
3628.8,37
3629.2,23
3629.3,40
3629.6,20
3629.8,19
3629.9,28
3630.2,29
3630.4,41
3630.8,30
3631.8,32
3632.1,38
3632.3,15
3632.5,21
3632.7,35
3633,33
3633.9,16
3633.9,27
3634.1,18
3634.1,22
3634.4,39
3639.6,34
3640.1,36
3640.2,25
3640.5,26
3641,24
3641,14
3641.2,17
3644.8,31
3645,37
3648.2,40
3650.8,23
3650.8,28
3651,29
3651.1,20
3651.1,41
3651.2,39
3651.2,19
3651.2,30
3651.7,8
3651.7,32
3651.7,38
3652.1,35
3652.1,5
3652.1,21
3652.1,10
3652.2,0
3652.2,15
3652.3,6
3652.4,33
3652.6,27
3652.7,34
3652.8,16
3652.8,36
3652.9,22
3653,18
3653,25
3653.2,26
3653.5,24
3653.6,14
3653.7,17
3655,37
3655.1,31
3663.7,40
3670.6,39
3671,23
3671.1,20
3671.1,36
3671.2,34
3671.2,41
3671.2,19
3671.2,25
3671.2,26
3671.2,28
3671.3,24
3671.3,14
3671.3,29
3671.4,17
3671.4,21
3671.4,30
3671.5,38
3671.5,27
3671.5,15
3671.6,16
3671.6,32
3671.6,35
3671.6,37
3671.7,18
3671.7,22
3671.8,31
3671.8,33
3672.1,7
3672.3,9
3672.8,11
3672.8,12
3672.8,13
3672.9,40
3672.9,2
3672.9,4
3673.1,3
3673.4,1
3673.5,8
3674.4,10
3674.5,5
3674.7,0
3675.2,6
3689.7,34
3689.7,39
3690,36
3690.3,25
3690.4,26
3690.4,31
3690.5,37
3690.5,17
3690.5,24
3690.5,14
3690.5,28
3690.6,29
3690.7,23
3690.8,41
3690.8,20
3690.8,30
3690.9,19
3691.2,21
3691.2,32
3691.3,27
3691.3,15
3691.3,38
3691.3,40
3691.4,16
3691.5,35
3691.7,33
3691.7,18
3691.7,22
3706.7,34
3707,39
3707.2,36
3707.7,31
3707.7,37
3707.8,25
3707.9,26
3708,24
3708.1,40
3708.1,14
3708.1,28
3708.2,17
3708.3,29
3708.4,23
3708.4,41
3708.5,30
3708.7,20
3708.8,19
3708.9,21
3708.9,32
3708.9,38
3709,27
3709.1,15
3709.2,35
3709.3,16
3709.4,33
3709.5,22
3709.6,18
3713.4,5
3713.8,0
3714.5,6
3714.7,2
3714.8,4
3716.1,3
3734.7,34
3734.8,36
3734.8,39
3734.9,37
3734.9,17
3734.9,25
3734.9,26
3734.9,14
3735,24
3735,31
3735,40
3735.1,41
3735.1,19
3735.1,20
3735.1,23
3735.1,28
3735.1,29
3735.2,16
3735.2,21
3735.2,15
3735.2,30
3735.3,18
3735.3,27
3735.3,32
3735.3,35
3735.3,38
3735.4,22
3735.4,33
3735.7,8
3735.8,10
3735.9,7
3736,9
3736.1,1
3736.4,11
3736.4,12
3736.4,13
3737.1,3
3740.7,5
3740.9,6
3741,0
3743.3,2
3743.5,4
3746.1,34
3746.8,39
3748.7,36
3755,25
3755,37
3755.1,17
3755.1,26
3755.1,14
3755.2,24
3755.4,40
3755.6,31
3755.8,23
3755.9,19
3755.9,20
3756,28
3756,41
3756.1,21
3756.1,29
3756.2,27
3756.2,15
3756.3,16
3756.3,30
3756.4,38
3756.5,32
3756.6,18
3756.6,22
3756.6,35
3756.9,33
3759.3,34
3760.2,39
3761.3,36
3784.1,25
3784.2,37
3784.2,24
3784.2,26
3784.3,34
3784.4,39
3784.4,40
3784.4,17
3784.4,23
3784.4,14
3784.4,31
3784.5,28
3784.5,36
3784.5,41
3784.6,19
3784.6,20
3784.6,21
3784.6,27
3784.6,29
3784.7,15
3784.7,30
3784.7,32
3784.7,38
3784.8,35
3784.8,16
3784.8,18
3784.8,22
3784.9,33
3785.5,8
3785.6,5
3785.7,0
3785.7,10
3785.8,6
3785.9,7
3786,1
3786,3
3786.1,2
3786.1,9
3786.2,4
3786.7,11
3786.7,12
3786.7,13
3795.5,39
3805.3,34
3805.7,25
3805.9,26
3806,36
3806.1,24
3806.2,37
3806.3,14
3806.4,17
3806.4,31
3806.6,40
3806.7,23
3806.8,28
3807,20
3807,29
3807.1,19
3807.1,41
3807.2,21
3807.2,30
3807.3,27
3807.4,15
3807.4,32
3807.6,16
3807.6,38
3807.8,18
3807.8,22
3807.9,33
3807.9,35
3817.3,39
3818.4,5
3820.5,34
3822,36
3823.5,25
3824.7,26
3824.8,37
3825.1,14
3825.4,17
3827.6,24
3827.8,31
3828.9,20
3829.3,19
3829.7,28
3830.3,29
3830.4,40
3830.5,23
3830.7,15
3831.1,30
3831.3,16
3832.1,18
3832.1,32
3832.4,21
3832.7,27
3833.1,41
3833.4,33
3834.1,22
3834.8,38
3834.9,35
3835.6,39
3835.8,34
3836.3,36
3836.4,8
3836.4,25
3836.7,26
3836.8,0
3836.8,37
3836.9,14
3837,17
3837.1,5
3837.1,6
3837.4,24
3837.7,31
3838.3,20
3838.5,19
3838.7,28
3839.8,40
3840,29
3840.3,23
3840.8,15
3842,30
3842.5,16
3845.3,18
3845.4,32
3846.5,21
3849.6,10
3849.8,27
3850.5,7
3850.6,41
3850.7,2
3850.9,4
3851.2,3
3851.4,9
3851.8,1
3854.8,39
3855.2,34
3855.2,36
3855.3,33
3855.4,22
3855.4,25
3855.5,38
3855.6,26
3855.6,35
3855.6,37
3855.7,14
3855.8,17
3855.8,24
3856,31
3856.2,20
3856.3,40
3856.3,19
3856.3,28
3856.6,23
3856.7,29
3857.1,15
3857.2,30
3857.5,16
3857.8,18
3857.9,32
3858,21
3859,27
3859.5,11
3859.5,12
3859.5,13
3860.2,41
3861.6,8
3861.7,5
3861.9,0
3862.6,6
3865,10
3868.6,7
3874.6,39
3874.8,34
3875.1,36
3875.6,25
3875.9,26
3875.9,14
3876,37
3876.1,17
3876.1,24
3876.5,31
3876.9,40
3877.5,38
3877.5,20
3877.5,28
3877.8,19
3878,23
3878,35
3878.1,33
3878.2,22
3878.3,29
3879.5,15
3880.7,16
3881.9,18
3882.2,30
3884,21
3884.1,32
3884.3,27
3884.4,2
3884.5,41
3884.6,4
3884.8,3
3888.8,34
3888.9,39
3890,36
3893.9,25
3894.2,14
3894.6,17
3894.7,26
3895.5,24
3895.9,37
3897.7,31
3898.4,20
3899,19
3900,28
3900.1,23
3900.1,40
3901.2,29
3901.9,22
3901.9,33
3901.9,38
3902,15
3902,35
3902.4,16
3902.8,18
3902.8,30
3902.9,34
3903,39
3903.2,21
3903.2,27
3903.2,32
3903.2,41
3903.3,36
3903.5,7
3903.6,9
3904.1,25
3904.3,26
3904.3,14
3904.4,17
3904.6,24
3904.6,37
3907.3,31
3909.2,20
3911,19
3915.9,40
3916.1,5
3916.5,8
3916.6,0
3916.7,1
3917.4,6
3917.6,10
3921.5,28
3921.7,23
3921.7,39
3921.9,36
3922,34
3922.1,29
3922.3,38
3922.4,15
3922.4,35
3922.5,37
3922.5,41
3922.6,33
3922.6,16
3922.6,17
3922.6,22
3922.6,25
3922.6,26
3922.6,14
3922.6,30
3922.8,32
3922.8,18
3922.8,21
3922.8,24
3922.8,27
3923.4,31
3924,20
3924.3,19
3925.1,40
3926.7,2
3926.8,4
3927,3
3929.1,11
3929.1,12
3929.1,13
3933,5
3933.2,8
3933.4,7
3933.8,0
3934.5,9
3939.3,39
3939.6,36
3939.7,34
3940,25
3940.1,26
3940.1,37
3940.2,23
3940.2,24
3940.2,14
3940.3,17
3940.3,28
3940.5,29
3940.6,31
3940.6,41
3940.7,38
3940.7,21
3940.7,27
3940.7,15
3940.7,30
3940.8,35
3940.8,16
3940.8,22
3940.9,20
3940.9,32
3940.9,40
3941,33
3941,18
3941,19
3942.2,10
3942.4,6
3942.9,1
3945,8
3945.3,0
3945.3,5
3947.1,7
3948.9,9
3949.9,2
3950.2,4
3950.8,3
3958.4,34
3958.6,39
3959,36
3959.1,25
3959.3,26
3959.5,14
3959.7,17
3959.7,24
3959.9,37
3960.4,31
3960.8,23
3961,28
3961.5,40
3962.1,29
3962.3,21
3962.5,41
3962.6,27
3963.2,20
3963.6,30
3964.7,38
3964.8,19
3965,32
3965.5,22
3966,35
3966.2,15
3967.2,16
3967.2,33
3967.4,18
3970.9,34
3971.9,39
3974.2,36
3978.4,25
3978.8,37
3979.1,26
3979.7,14
3980.1,17
3980.1,24
3980.5,31
3982.3,28
3982.6,40
3983,23
3984.1,29
3984.3,21
3984.3,41
3984.4,27
3984.5,20
3984.7,30
3985.1,19
3985.1,34
3985.2,38
3985.4,32
3985.4,39
3985.7,8
3985.8,15
3985.9,22
3985.9,35
3986.1,16
3986.1,5
3986.1,36
3986.2,18
3986.3,33
3986.3,6
3986.3,10
3986.4,0
3986.5,11
3986.5,12
3986.5,13
3986.6,2
3986.6,3
3986.6,4
3987.3,25
3987.6,37
3988,26
3989.1,14
3989.7,17
3990,24
3990.4,31
3996.3,40
3996.6,28
4000.2,7
4000.3,9
4002.8,1
4004.2,23
4004.5,39
4004.6,34
4004.8,5
4004.8,36
4004.8,41
4004.9,0
4004.9,20
4004.9,29
4005,21
4005.1,19
4005.1,6
4005.1,27
4005.2,30
4005.4,25
4005.4,38
4005.5,37
4005.5,2
4005.5,15
4005.6,4
4005.6,32
4005.7,3
4005.7,16
4005.7,26
4005.8,18
4005.8,35
4005.9,22
4006,14
4006.2,17
4006.2,33
4006.4,24
4006.6,31
4008.8,40
4009.1,28
4033.3,39
4034.1,34
4034.2,36
4036.6,37
4037.8,41
4038.7,14
4038.8,25
4039.1,17
4039.3,20
4039.9,19
4042.2,15
4044.7,26
4045.2,23
4046,24
4050.7,21
4050.8,27
4050.8,29
4050.8,30
4050.8,31
4050.9,22
4050.9,32
4050.9,38
4051,33
4051,35
4051,40
4051,16
4051,18
4051,28
4052,5
4052.1,0
4052.1,34
4052.2,39
4052.3,6
4052.4,36
4053.1,25
4053.1,37
4053.7,14
4053.8,17
4054.4,41
4054.9,20
4055.1,19
4055.1,26
4056.2,15
4056.4,23
4057.8,24
4072.3,39
4072.4,2
4072.5,1
4072.5,4
4072.6,3
4072.7,36
4072.9,34
4073,40
4073.2,31
4073.5,37
4073.5,28
4073.5,29
4073.6,38
4073.7,21
4073.7,25
4073.7,30
4073.8,32
4073.8,35
4073.8,5
4073.8,27
4073.8,14
4073.9,16
4073.9,17
4074,0
4074,18
4074.1,22
4074.1,33
4074.2,6
4074.2,26
4074.4,41
4074.5,20
4074.6,19
4074.8,24
4074.9,23
4075.1,15
4099.9,34
4101.8,39
4101.9,25
4101.9,36
4102,26
4102,31
4102.1,37
4102.2,40
4102.2,24
4102.2,28
4102.3,17
4102.3,21
4102.3,14
4102.3,29
4102.4,23
4102.4,27
4102.4,30
4102.5,32
4102.5,38
4102.5,41
4102.6,35
4102.6,19
4102.6,20
4102.6,22
4102.7,16
4102.7,33
4102.8,18
4102.8,15
4118.1,34
4121.4,39
4122.4,36
4123.3,5
4123.3,37
4123.4,0
4123.8,6
4124,40
4124,17
4124,25
4124,14
4124.2,26
4124.4,24
4124.4,31
4124.5,2
4124.5,4
4124.7,3
4124.8,41
4124.9,20
4124.9,28
4125,1
4125,19
4125,23
4125.1,29
4125.4,30
4125.5,21
4125.5,38
4125.6,27
4125.7,15
4125.9,16
4125.9,35
4126,32
4126.3,18
4126.3,22
4126.8,33
4135.6,34
4141.7,39
4151,25
4151,36
4151.1,26
4151.2,24
4151.2,37
4151.3,17
4151.3,14
4151.3,31
4151.4,40
4151.5,23
4151.5,28
4151.6,19
4151.6,20
4151.6,29
4151.7,30
4151.7,41
4151.8,21
4151.8,27
4151.8,15
4151.9,16
4151.9,38
4152,32
4152.1,35
4152.1,18
4152.1,5
4152.2,0
4152.2,22
4152.2,34
4152.3,33
4152.3,6
4152.9,39
4172,36
4172.1,2
4172.2,3
4172.2,4
4172.3,1
4172.3,39
4172.7,37
4173.1,5
4173.1,34
4173.1,40
4173.2,0
4173.2,25
4173.3,17
4173.3,26
4173.3,14
4173.4,6
4173.4,24
4173.5,31
4173.6,41
4173.7,20
4173.7,28
4173.8,19
4173.8,23
4173.9,29
4174,30
4174,38
4174.1,21
4174.1,15
4174.2,16
4174.2,27
4174.2,32
4174.2,35
4174.4,18
4174.5,22
4174.5,33
4201.3,39
4201.5,36
4202.8,25
4202.8,37
4202.9,26
4203,24
4203,34
4203,40
4203.2,17
4203.2,23
4203.2,14
4203.3,31
4203.3,41
4203.4,21
4203.4,27
4203.5,38
4203.5,19
4203.5,20
4203.5,28
4203.5,29
4203.6,35
4203.6,22
4203.6,30
4203.7,32
4203.7,16
4203.7,15
4203.8,18
4203.9,33
4219.6,39
4221.9,36
4234.7,34
4234.8,25
4234.9,26
4235.1,24
4235.2,37
4235.4,40
4235.4,17
4235.4,23
4235.4,14
4235.5,31
4235.6,21
4235.6,41
4235.7,19
4235.7,20
4235.7,27
4235.7,28
4235.8,38
4235.8,22
4235.8,29
4235.9,35
4235.9,16
4235.9,15
4235.9,30
4236,18
4236,32
4236.2,33
4236.8,39
4237.1,36
4242.4,5
4242.9,0
4243.7,6
4245.1,2
4245.4,4
4245.8,3
4246.5,1
4255.2,34
4255.7,25
4255.7,39
4255.8,37
4255.9,26
4256,24
4256,36
4256.2,14
4256.2,40
4256.3,17
4256.5,31
4256.7,23
4256.9,41
4257.1,28
4257.2,20
4257.3,19
4257.3,21
4257.3,29
4257.6,27
4257.6,30
4257.7,38
4257.9,15
4258.1,16
4258.1,32
4258.1,35
4258.2,22
4258.5,18
4258.8,33
4273.5,39
4273.6,34
4273.8,36
4273.9,25
4274,26
4274.1,24
4274.1,37
4274.3,17
4274.3,14
4274.4,5
4274.4,40
4274.5,0
4274.5,31
4274.6,23
4274.7,6
4274.9,41
4275,20
4275,28
4275.1,19
4275.1,29
4275.2,21
4275.3,2
4275.3,27
4275.4,4
4275.4,30
4275.6,38
4275.6,15
4275.7,3
4275.7,32
4275.9,35
4275.9,16
4275.9,22
4276.2,1
4276.2,18
4276.4,33
4302,34
4302.2,39
4302.4,25
4302.4,36
4302.5,17
4302.5,24
4302.5,26
4302.5,14
4302.6,31
4302.6,37
4302.7,40
4302.8,20
4302.8,23
4302.8,28
4302.8,29
4302.9,19
4302.9,41
4303,21
4303,30
4303.1,27
4303.1,15
4303.2,16
4303.2,32
4303.2,38
4303.3,35
4303.3,18
4303.3,22
4303.5,33
4321.5,5
4321.8,0
4322.3,6
4323.2,2
4324.3,39
4328,36
4328.8,34
4330.2,25
4330.3,14
4330.5,17
4330.6,26
4330.7,37
4331,24
4331.4,31
4332.1,40
4332.5,20
4333.1,28
4333.2,19
4333.7,29
4334.9,23
4335,15
4335.8,16
4335.9,30
4336.7,41
4337.4,32
4337.6,21
4338.1,27
4339.5,22
4340.2,38
4341,35
4341.1,33
4345,18
4351,39
4351.4,36
4351.7,34
4351.9,25
4351.9,14
4352,37
4352,17
4352,26
4352.2,4
4352.2,24
4352.3,3
4352.4,40
4352.5,31
4352.6,1
4352.7,20
4352.8,19
4353,28
4353.2,23
4353.3,15
4353.3,29
4353.7,16
4353.7,41
4354,30
4354.3,21
4354.6,32
4354.7,27
4355.5,38
4356.2,22
4356.2,35
4356.6,33
4358.5,18
4372.3,5
4372.5,0
4372.7,6
4372.9,2
4373,34
4373.1,39
4373.4,36
4373.7,25
4373.8,26
4373.9,24
4374,31
4374,37
4374.1,17
4374.1,14
4374.3,40
4374.4,28
4374.5,23
4374.6,20
4374.6,29
4374.7,19
4374.8,4
4375,41
4375,3
4375,30
4375.1,15
4375.2,21
4375.3,1
4375.3,16
4375.4,27
4375.4,32
4375.8,38
4376.1,35
4376.3,22
4376.4,33
4377.7,18
4401.7,34
4401.8,39
4401.9,36
4402,25
4402,26
4402.1,37
4402.1,17
4402.1,24
4402.1,14
4402.1,31
4402.2,40
4402.3,23
4402.3,28
4402.3,29
4402.4,19
4402.4,20
4402.5,41
4402.5,21
4402.5,30
4402.6,32
4402.6,27
4402.6,15
4402.7,16
4402.8,38
4402.9,22
4402.9,35
4403,33
4403.1,18
4422.1,39
4422.4,5
4422.5,36
4422.6,0
4422.6,34
4423,25
4423.2,6
4423.2,26
4423.3,37
4423.4,24
4423.5,4
4423.6,3
4423.7,40
4423.8,1
4423.8,2
4423.8,17
4423.8,14
4423.9,31
4424.1,23
4424.5,28
4424.5,41
4424.6,29
4424.7,20
4424.8,19
4424.9,21
4425,30
4425.1,27
4425.4,15
4425.4,32
4425.6,38
4425.8,16
4426,22
4426,35
4426.2,33
4426.6,18
4442.8,39
4445.2,36
4445.8,34
4449.3,25
4449.8,26
4450.2,37
4450.5,24
4450.6,40
4450.6,17
4450.6,14
4450.6,31
4450.8,23
4450.9,28
4451,41
4451,20
4451,29
4451.1,19
4451.1,21
4451.1,27
4451.1,30
4451.3,32
4451.3,38
4451.4,22
4451.4,15
4451.5,16
4451.5,35
4451.7,33
4451.8,18
4453.7,39
4458.3,36
4459.6,34
4471.1,25
4471.2,5
4471.3,0
4471.3,26
4471.4,6
4471.4,24
4471.5,37
4471.5,39
4471.6,2
4471.6,4
4471.7,3
4471.7,40
4471.8,1
4471.8,17
4471.8,14
4471.9,23
4471.9,31
4472.1,41
4472.2,21
4472.3,20
4472.3,27
4472.3,28
4472.4,19
4472.4,29
4472.5,30
4472.5,38
4472.7,35
4472.7,22
4472.7,15
4472.8,16
4472.8,32
4472.8,36
4473,18
4473.1,33
4473.4,34
4501.1,39
4501.7,25
4501.8,26
4501.8,36
4501.8,37
4501.9,24
4501.9,14
4502,17
4502,34
4502,40
4502.1,23
4502.1,31
4502.2,41
4502.2,19
4502.2,20
4502.3,21
4502.3,27
4502.3,28
4502.3,29
4502.4,38
4502.4,16
4502.4,15
4502.4,30
4502.5,18
4502.5,32
4502.5,35
4502.6,22
4502.7,33
4522.2,39
4523.2,36
4523.5,34
4524,25
4524.1,26
4524.1,37
4524.4,24
4524.5,5
4524.6,0
4524.6,14
4524.7,17
4524.7,40
4525,6
4525.2,31
4525.6,23
4525.7,2
4525.8,41
4525.9,4
4526,20
4526.1,3
4526.1,28
4526.2,19
4526.4,29
4526.6,1
4526.7,21
4526.9,38
4526.9,27
4526.9,30
4527.1,15
4527.4,16
4527.5,32
4527.6,35
4528,18
4528.3,22
4528.4,33
4550.9,34
4550.9,39
4551,36
4551.2,17
4551.2,25
4551.2,14
4551.3,24
4551.3,26
4551.3,37
4551.4,31
4551.5,40
4551.7,20
4551.7,23
4551.8,41
4551.8,19
4551.8,28
4551.9,29
4552,21
4552,30
4552.1,5
4552.1,27
4552.1,15
4552.2,38
4552.2,0
4552.2,16
4552.2,6
4552.3,32
4552.4,18
4552.4,35
4552.5,22
4552.6,33
4552.6,2
4552.6,4
4553.2,3
4572.1,34
4572.2,39
4572.4,36
4572.8,1
4572.8,25
4573,26
4573,37
4573.1,24
4573.2,31
4573.3,40
4573.3,17
4573.3,14
4573.5,23
4573.6,28
4573.7,41
4573.7,5
4573.7,20
4573.7,29
4573.8,0
4573.8,19
4573.8,30
4573.9,21
4574,27
4574.1,6
4574.1,15
4574.1,32
4574.1,38
4574.2,16
4574.2,35
4574.3,22
4574.3,33
4574.4,2
4574.4,18
4574.5,4
4574.6,3
4601.6,34
4601.8,39
4601.9,36
4601.9,25
4601.9,26
4602,24
4602,31
4602.1,37
4602.1,17
4602.1,14
4602.2,40
4602.2,23
4602.2,28
4602.3,20
4602.3,29
4602.3,30
4602.4,19
4602.4,21
4602.4,27
4602.5,15
4602.5,32
4602.5,41
4602.6,33
4602.6,16
4602.6,22
4602.7,18
4602.7,38
4602.8,35
4622.5,39
4622.8,5
4622.8,36
4622.9,0
4623.1,6
4623.4,34
4623.4,2
4623.4,4
4623.5,3
4623.7,37
4623.8,25
4624,26
4624.2,24
4624.3,14
4624.4,17
4624.4,40
4624.8,1
4624.8,31
4625.2,23
4625.7,20
4625.7,28
4626,19
4626,29
4626.2,41
4626.4,21
4626.4,30
4626.7,27
4626.8,15
4627,32
4627.2,16
4627.7,18
4627.8,22
4627.8,33
4628.4,38
4629.3,35
4650.9,39
4651,34
4651,36
4651.3,17
4651.3,25
4651.3,14
4651.3,37
4651.4,24
4651.4,26
4651.5,31
4651.5,40
4651.7,23
4651.8,19
4651.8,20
4651.8,28
4651.9,29
4651.9,41
4652.1,21
4652.1,27
4652.1,15
4652.1,30
4652.2,16
4652.3,32
4652.4,18
4652.5,38
4652.5,22
4652.7,33
4652.8,35
4672.2,5
4672.3,0
4672.5,6
4672.5,34
4672.5,39
4672.7,36
4672.8,2
4672.9,1
4672.9,4
4673,3
4673.2,25
4673.4,26
4673.5,37
4673.6,24
4673.7,17
4673.7,14
4673.9,31
4673.9,40
4674.2,23
4674.3,28
4674.3,41
4674.4,19
4674.4,20
4674.4,29
4674.6,21
4674.6,30
4674.7,27
4674.7,15
4674.8,32
4674.9,16
4674.9,38
4675.1,18
4675.1,22
4675.1,35
4675.2,33
4688.6,39
4690.7,36
4702.4,34
4702.8,25
4702.8,26
4702.9,24
4702.9,37
4703,17
4703,14
4703.1,31
4703.1,40
4703.2,23
4703.3,41
4703.3,19
4703.3,20
4703.3,28
4703.3,29
4703.4,21
4703.4,30
4703.5,38
4703.5,27
4703.5,15
4703.6,16
4703.6,32
4703.6,35
4703.7,33
4703.7,18
4703.7,22
4704,39
4704.4,36
4733.6,34
4735,25
4735,39
4735.1,26
4735.1,14
4735.2,17
4735.2,24
4735.3,36
4735.3,37
4735.4,31
4735.5,23
4735.5,40
4735.6,19
4735.6,20
4735.7,41
4735.7,21
4735.7,28
4735.7,29
4735.8,27
4735.8,15
4735.8,30
4735.9,16
4735.9,32
4735.9,38
4736,18
4736,22
4736,33
4736,35
4743.9,5
4744.3,0
4745,6
4746.2,2
4746.4,4
4746.8,3
4747.4,1
4750.3,34
4755.1,39
4755.4,36
4755.7,25
4755.9,26
4756.1,37
4756.2,24
4756.6,14
4756.7,17
4756.7,40
4757.1,31
4757.6,23
4758,20
4758.1,28
4758.1,41
4758.2,19
4758.3,29
4758.8,21
4758.8,30
4759.1,27
4759.1,15
4759.7,16
4759.7,32
4759.7,38
4760.3,22
4760.4,35
4760.9,33
4761.2,18
4773,34
4773.7,39
4773.9,36
4774.2,25
4774.3,26
4774.3,37
4774.4,24
4774.6,14
4774.6,40
4774.7,17
4774.9,5
4774.9,31
4775,0
4775.2,23
4775.3,6
4775.4,41
4775.5,20
4775.5,28
4775.7,19
4775.7,29
4775.8,2
4775.9,4
4776,21
4776.1,3
4776.2,27
4776.2,30
4776.3,1
4776.5,15
4776.5,38
4776.9,16
4776.9,32
4777,35
4777.1,22
4777.8,18
4777.8,33
4790.5,34
4802.3,39
4802.4,36
4802.7,37
4802.7,17
4802.7,24
4802.7,25
4802.7,26
4802.7,14
4802.8,31
4802.8,40
4803,20
4803,23
4803,28
4803.1,41
4803.1,19
4803.1,29
4803.3,21
4803.3,15
4803.3,30
4803.4,27
4803.4,38
4803.5,16
4803.5,32
4803.6,35
4803.7,18
4803.7,22
4803.8,33
4803.8,34
4824.6,39
4834,34
4834,36
4834.1,17
4834.1,14
4834.2,37
4834.2,25
4834.2,26
4834.2,31
4834.3,40
4834.3,19
4834.3,20
4834.3,24
4834.3,28
4834.4,23
4834.4,29
4834.5,41
4834.5,16
4834.5,15
4834.5,30
4834.6,18
4834.6,21
4834.6,32
4834.6,38
4834.7,27
4834.7,33
4834.7,35
4834.8,22
4836.1,39
4842.3,5
4842.6,0
4843.1,6
4844,2
4844.2,4
4844.5,3
4845,1
4853.8,34
4854,36
4854.2,25
4854.2,26
4854.3,24
4854.3,37
4854.3,39
4854.5,31
4854.5,40
4854.6,17
4854.6,23
4854.6,14
4854.7,28
4854.8,29
4854.8,41
4854.9,20
4854.9,21
4855,38
4855,19
4855,27
4855,30
4855.1,32
4855.2,15
4855.2,35
4855.3,16
4855.3,22
4855.4,18
4855.4,33
4872.7,39
4872.9,36
4873,5
4873.1,0
4873.3,6
4873.3,34
4873.6,25
4873.7,26
4873.7,37
4873.8,17
4873.8,24
4873.8,14
4873.9,40
4873.9,2
4874,4
4874.1,31
4874.2,3
4874.2,23
4874.3,20
4874.3,41
4874.4,1
4874.4,19
4874.4,28
4874.5,29
4874.6,21
4874.7,38
4874.7,27
4874.7,15
4874.7,30
4874.8,16
4874.9,32
4874.9,35
4875,18
4875,22
4875.2,33
4901.6,39
4901.7,34
4901.7,36
4901.9,37
4901.9,17
4901.9,25
4901.9,26
4901.9,14
4902,24
4902,31
4902,40
4902.2,19
4902.2,20
4902.2,23
4902.2,28
4902.3,29
4902.3,41
4902.4,16
4902.4,21
4902.4,15
4902.4,30
4902.5,27
4902.5,32
4902.5,38
4902.6,18
4902.6,35
4902.7,22
4902.7,33
4921.6,39
4922,5
4922,36
4922.1,0
4922.2,6
4922.5,2
4922.6,4
4922.7,3
4922.8,1
4922.8,34
4922.9,37
4923,25
4923.2,26
4923.3,24
4923.3,40
4923.5,17
4923.5,14
4923.8,31
4924,23
4924.2,41
4924.3,20
4924.3,28
4924.4,19
4924.6,29
4924.8,21
4924.9,38
4925,15
4925,30
4925.1,16
4925.1,27
4925.4,35
4925.6,18
4925.6,32
4926,22
4926.5,33
4941.7,39
4942.3,36
4945,34
4948.2,25
4948.6,26
4949.2,24
4950,37
4950.6,40
4950.6,23
4950.6,14
4950.7,17
4950.7,31
4950.9,21
4950.9,28
4950.9,41
4951,20
4951,27
4951,29
4951.1,19
4951.2,30
4951.2,38
4951.3,22
4951.3,15
4951.3,32
4951.3,35
4951.4,16
4951.6,18
4951.6,33
4953.1,39
4953.6,36
4958.7,34
4970.7,25
4970.9,26
4971.1,39
4971.3,24
4971.3,37
4971.4,5
4971.4,36
4971.5,40
4971.5,0
4971.5,14
4971.5,31
4971.6,17
4971.7,6
4971.9,23
4971.9,28
4971.9,41
4972,20
4972,29
4972.1,2
4972.1,19
4972.1,4
4972.2,3
4972.2,21
4972.3,27
4972.3,30
4972.4,38
4972.5,32
4972.5,1
4972.5,15
4972.6,16
4972.6,35
4972.7,22
4972.8,18
4972.9,33
4972.9,34
